CAST,Latitude,Longitude,Year,Month,Day,Avg_Depth,Avg_F,Avg_O,Avg_Temperatur,Avg_Salinity,Avg_Oxygen,Avg_Phosphate,Avg_Nitrate,Avg_Chlorophyl,Avg_Silicate,Avg_pH,Avg_Alkalinity,Avg_CFC12,Avg_tCO2,Avg_CFC11,Avg_Helium,Avg_Neon
7227412,12.37,54.88,1980,3,7,484.48275862068965,3.2241379310344827,,17.57659574468085,35.302,,,,,,,,,,,,
7227432,12.67,54.0,1980,3,21,10.0,0.0,,27.49,35.366,,,,,,,,,,,,
7227434,12.43,54.9,1980,3,21,293.6170212765957,1.1702127659574468,,19.955454545454543,35.466136363636366,,,,,,,,,,,,
7481596,13.0,58.67,1980,3,25,465.7894736842105,0.07017543859649122,,16.5726,35.7234,,,,,,,,,,,,
7481659,12.0,58.0,1980,3,30,465.7894736842105,0.08771929824561403,,16.20145833333333,35.661750000000005,124.97222222222223,1.3097222222222222,,,,,,,,,,
7481661,11.0,57.97,1980,3,30,465.7894736842105,0.0,,16.348297872340424,35.52459574468085,140.54,1.1714285714285715,0.19499999999999998,,,,,,,,,
7481733,14.0,56.98,1980,4,18,163.51351351351352,0.0,,16.348297872340424,35.52459574468085,90.61999999999999,1.6600000000000001,15.723028571428573,,,,,,,,,
6882403,12.355,58.518,1980,5,30,0.0,0.0,,16.348297872340424,35.52459574468085,90.61999999999999,1.6600000000000001,15.723028571428573,0.02,,,,,,,,
7481870,12.33,58.03,1980,5,30,196.25,0.0,,16.348297872340424,35.52459574468085,116.74358974358974,1.3743589743589744,19.000263157894736,0.02,,,,,,,,
6882407,12.333,58.027,1980,5,30,0.0,0.0,,16.348297872340424,35.52459574468085,116.74358974358974,1.3743589743589744,19.000263157894736,0.02,,,,,,,,
7481871,11.7,57.97,1980,5,30,173.68421052631578,0.0,,16.348297872340424,35.52459574468085,131.2527777777778,1.2027777777777777,16.72888888888889,0.02,,,,,,,,
6882418,11.668,58.518,1980,5,30,0.0,0.0,,16.348297872340424,35.52459574468085,131.2527777777778,1.2027777777777777,16.72888888888889,0.06,,,,,,,,
7561703,11.037,58.548,1980,6,1,0.0,0.0,,16.348297872340424,35.52459574468085,131.2527777777778,1.2027777777777777,16.72888888888889,0.03,,,,,,,,
7561704,11.0,58.103,1980,6,1,0.0,0.0,,16.348297872340424,35.52459574468085,131.2527777777778,1.2027777777777777,16.72888888888889,0.01,,,,,,,,
7481876,11.0,58.12,1980,6,1,154.16666666666666,0.0,,16.348297872340424,35.52459574468085,131.6638888888889,1.2444444444444445,15.444166666666668,0.01,,,,,,,,
7481972,15.45,58.2,1980,8,12,45.0,1.5789473684210527,,17.405263157894737,35.08157894736842,19.900000000000002,2.5,15.444166666666668,0.01,22.0,,,,,,,
13823585,14.35,57.33,1980,10,19,263.3333333333333,1.1555555555555554,,19.912499999999998,35.08157894736842,19.900000000000002,2.5,15.444166666666668,0.01,22.0,,,,,,,
7228055,11.58,55.03,1980,10,24,94.82758620689656,0.13793103448275862,,19.00896551724138,35.29306896551724,19.900000000000002,2.5,15.444166666666668,0.01,22.0,,,,,,,
13823636,14.15,58.33,1980,11,4,358.8235294117647,0.7843137254901961,,19.617675,35.29306896551724,19.900000000000002,2.5,15.444166666666668,0.01,22.0,,,,,,,
7482000,15.0,55.08,1980,11,17,293.6170212765957,0.0,,17.891136363636363,35.723181818181814,87.80909090909091,1.8181818181818181,15.444166666666668,0.01,28.386363636363637,,,,,,,
13823879,13.62,56.82,1980,11,25,342.0,0.0,,18.74945945945946,35.723181818181814,87.80909090909091,1.8181818181818181,15.444166666666668,0.01,28.386363636363637,,,,,,,
7228134,12.22,54.27,1981,1,11,68.0,0.0,,23.6104,35.723181818181814,87.80909090909091,1.8181818181818181,15.444166666666668,0.01,28.386363636363637,,,,,,,
7228135,12.25,54.3,1981,1,11,50.0,0.0,,25.12142857142857,35.723181818181814,87.80909090909091,1.8181818181818181,15.444166666666668,0.01,28.386363636363637,,,,,,,
7228136,12.3,54.3,1981,1,11,25.0,0.0,,25.571818181818184,35.723181818181814,87.80909090909091,1.8181818181818181,15.444166666666668,0.01,28.386363636363637,,,,,,,
7228141,12.2,54.05,1981,1,13,20.0,0.4444444444444444,,25.834444444444443,35.717777777777776,87.80909090909091,1.8181818181818181,15.444166666666668,0.01,28.386363636363637,,,,,,,
7228142,12.17,54.05,1981,1,13,37.5,0.0,,25.696875,35.6975,87.80909090909091,1.8181818181818181,15.444166666666668,0.01,28.386363636363637,,,,,,,
7228143,12.13,54.03,1981,1,13,68.0,0.72,,23.8112,35.5264,87.80909090909091,1.8181818181818181,15.444166666666668,0.01,28.386363636363637,,,,,,,
7228196,11.52,58.72,1981,2,3,447.32142857142856,2.107142857142857,,17.946458333333332,35.507083333333334,87.80909090909091,1.8181818181818181,15.444166666666668,0.01,28.386363636363637,,,,,,,
7228197,12.97,55.3,1981,2,3,68.0,0.0,,24.417199999999998,35.922,87.80909090909091,1.8181818181818181,15.444166666666668,0.01,28.386363636363637,,,,,,,
7228204,11.32,55.88,1981,2,4,173.68421052631578,0.6052631578947368,,21.443529411764708,35.53558823529412,87.80909090909091,1.8181818181818181,15.444166666666668,0.01,28.386363636363637,,,,,,,
7228210,11.52,58.5,1981,2,6,825.6756756756756,0.0,,15.91148936170213,35.64340425531915,87.80909090909091,1.8181818181818181,15.444166666666668,0.01,28.386363636363637,,,,,,,
7228213,11.52,58.77,1981,2,6,727.1428571428571,0.12857142857142856,,17.384285714285713,35.70224489795918,87.80909090909091,1.8181818181818181,15.444166666666668,0.01,28.386363636363637,,,,,,,
7228228,11.0,58.52,1981,2,9,661.1940298507462,0.08955223880597014,,18.560000000000002,35.83627906976744,87.80909090909091,1.8181818181818181,15.444166666666668,0.01,28.386363636363637,,,,,,,
7228229,11.25,58.52,1981,2,9,661.1940298507462,0.3283582089552239,,17.3896,35.7798,87.80909090909091,1.8181818181818181,15.444166666666668,0.01,28.386363636363637,,,,,,,
7228230,11.27,58.77,1981,2,9,68.0,0.0,,24.854,36.2496,87.80909090909091,1.8181818181818181,15.444166666666668,0.01,28.386363636363637,,,,,,,
7228234,11.02,58.77,1981,2,11,661.1940298507462,0.3582089552238806,,16.971632653061224,35.757959183673464,87.80909090909091,1.8181818181818181,15.444166666666668,0.01,28.386363636363637,,,,,,,
7228394,11.48,58.73,1981,3,6,411.1111111111111,0.0,,18.59090909090909,35.73340909090909,87.80909090909091,1.8181818181818181,15.444166666666668,0.01,28.386363636363637,,,,,,,
7228745,12.72,54.05,1981,5,16,20.0,0.0,,30.450000000000003,35.958888888888886,87.80909090909091,1.8181818181818181,15.444166666666668,0.01,28.386363636363637,,,,,,,
7228746,12.72,54.05,1981,5,16,20.0,0.0,,30.313333333333333,35.94888888888889,87.80909090909091,1.8181818181818181,15.444166666666668,0.01,28.386363636363637,,,,,,,
7228748,12.72,54.05,1981,5,16,20.0,0.0,,30.21111111111111,35.97333333333333,87.80909090909091,1.8181818181818181,15.444166666666668,0.01,28.386363636363637,,,,,,,
7228749,12.72,54.05,1981,5,17,20.0,0.0,,30.237777777777776,35.96111111111111,87.80909090909091,1.8181818181818181,15.444166666666668,0.01,28.386363636363637,,,,,,,
7228750,12.72,54.05,1981,5,17,20.0,0.0,,30.169999999999998,35.952222222222225,87.80909090909091,1.8181818181818181,15.444166666666668,0.01,28.386363636363637,,,,,,,
7228751,12.72,54.05,1981,5,17,20.0,0.0,,30.235555555555557,35.96111111111111,87.80909090909091,1.8181818181818181,15.444166666666668,0.01,28.386363636363637,,,,,,,
7228752,12.72,54.05,1981,5,17,20.0,0.0,,30.32,35.96,87.80909090909091,1.8181818181818181,15.444166666666668,0.01,28.386363636363637,,,,,,,
7228753,12.72,54.05,1981,5,17,20.0,0.0,,30.328888888888887,35.97333333333333,87.80909090909091,1.8181818181818181,15.444166666666668,0.01,28.386363636363637,,,,,,,
7228755,12.72,54.05,1981,5,17,20.0,0.0,,30.43,35.95444444444444,87.80909090909091,1.8181818181818181,15.444166666666668,0.01,28.386363636363637,,,,,,,
7228756,12.72,54.05,1981,5,17,20.0,0.0,,30.28111111111111,35.95666666666667,87.80909090909091,1.8181818181818181,15.444166666666668,0.01,28.386363636363637,,,,,,,
7228757,12.72,54.05,1981,5,17,20.0,0.0,,30.245555555555555,35.94555555555556,87.80909090909091,1.8181818181818181,15.444166666666668,0.01,28.386363636363637,,,,,,,
7228758,12.72,54.05,1981,5,18,20.0,0.0,,30.236666666666665,35.94777777777778,87.80909090909091,1.8181818181818181,15.444166666666668,0.01,28.386363636363637,,,,,,,
7228759,12.72,54.05,1981,5,18,20.0,0.0,,30.20111111111111,35.95,87.80909090909091,1.8181818181818181,15.444166666666668,0.01,28.386363636363637,,,,,,,
7228760,12.72,54.05,1981,5,18,20.0,0.0,,30.104285714285712,35.95714285714286,87.80909090909091,1.8181818181818181,15.444166666666668,0.01,28.386363636363637,,,,,,,
7228761,12.72,54.05,1981,5,18,20.0,0.0,,30.224444444444444,35.94111111111111,87.80909090909091,1.8181818181818181,15.444166666666668,0.01,28.386363636363637,,,,,,,
7228762,12.72,54.05,1981,5,18,20.0,0.0,,30.163333333333338,35.93555555555556,87.80909090909091,1.8181818181818181,15.444166666666668,0.01,28.386363636363637,,,,,,,
7228763,12.72,54.05,1981,5,18,20.0,0.0,,30.11,35.93222222222222,87.80909090909091,1.8181818181818181,15.444166666666668,0.01,28.386363636363637,,,,,,,
7228764,12.72,54.05,1981,5,18,20.0,0.0,,30.15666666666667,35.968888888888884,87.80909090909091,1.8181818181818181,15.444166666666668,0.01,28.386363636363637,,,,,,,
7228765,12.72,54.05,1981,5,18,20.0,0.0,,30.098888888888887,35.97333333333333,87.80909090909091,1.8181818181818181,15.444166666666668,0.01,28.386363636363637,,,,,,,
7228766,12.72,54.05,1981,5,19,20.0,0.0,,30.126666666666665,35.95222222222222,87.80909090909091,1.8181818181818181,15.444166666666668,0.01,28.386363636363637,,,,,,,
7228767,12.72,54.05,1981,5,19,20.0,0.0,,30.153333333333332,35.97666666666666,87.80909090909091,1.8181818181818181,15.444166666666668,0.01,28.386363636363637,,,,,,,
7228768,12.72,54.05,1981,5,19,20.0,0.0,,30.11777777777778,35.95666666666667,87.80909090909091,1.8181818181818181,15.444166666666668,0.01,28.386363636363637,,,,,,,
7228769,12.72,54.05,1981,5,19,20.0,0.0,,30.11555555555556,35.94444444444444,87.80909090909091,1.8181818181818181,15.444166666666668,0.01,28.386363636363637,,,,,,,
7228770,12.72,54.05,1981,5,19,20.0,0.0,,30.12111111111111,35.93666666666667,87.80909090909091,1.8181818181818181,15.444166666666668,0.01,28.386363636363637,,,,,,,
7228772,12.72,54.05,1981,5,19,20.0,0.0,,30.09111111111111,35.93444444444444,87.80909090909091,1.8181818181818181,15.444166666666668,0.01,28.386363636363637,,,,,,,
7228773,12.72,54.05,1981,5,19,20.0,0.0,,30.104444444444443,35.92666666666667,87.80909090909091,1.8181818181818181,15.444166666666668,0.01,28.386363636363637,,,,,,,
7228774,12.72,54.05,1981,5,19,20.0,0.0,,30.10666666666667,35.888888888888886,87.80909090909091,1.8181818181818181,15.444166666666668,0.01,28.386363636363637,,,,,,,
7228776,12.72,54.05,1981,5,20,20.0,0.0,,30.09777777777778,35.86555555555555,87.80909090909091,1.8181818181818181,15.444166666666668,0.01,28.386363636363637,,,,,,,
7228777,12.72,54.05,1981,5,20,20.0,0.0,,30.096666666666668,35.861111111111114,87.80909090909091,1.8181818181818181,15.444166666666668,0.01,28.386363636363637,,,,,,,
6921398,15.03,58.338,1982,2,10,1022.2222222222222,1.0864197530864197,,14.794545454545455,35.63681818181818,87.80909090909091,1.8181818181818181,15.444166666666668,0.01,28.386363636363637,,,,,,,
8250968,12.5,54.0,1982,7,9,0.0,0.0,,14.794545454545455,35.63681818181818,87.80909090909091,1.8181818181818181,15.444166666666668,0.3,28.386363636363637,,,,,,,
6957947,14.02,54.0,1983,6,5,465.7894736842105,0.0,,21.010697674418605,35.659441860465115,111.6046511627907,1.8181818181818181,15.444166666666668,0.3,28.386363636363637,8.097209302325581,,,,,,
6957957,13.57,54.27,1983,6,5,465.7894736842105,0.0,,19.670851063829787,35.7811914893617,120.1025641025641,1.8181818181818181,15.444166666666668,0.3,28.386363636363637,8.105897435897436,,,,,,
6957979,13.18,54.63,1983,6,6,465.7894736842105,0.0,,18.746444444444446,35.70262222222222,97.92444444444445,1.8181818181818181,15.444166666666668,0.3,28.386363636363637,8.07488888888889,,,,,,
6958012,12.82,54.97,1983,6,6,447.32142857142856,0.0,,17.292307692307695,35.60128846153846,92.48076923076923,1.8181818181818181,15.444166666666668,0.3,28.386363636363637,8.033076923076923,,,,,,
6958029,12.47,55.32,1983,6,6,358.8235294117647,0.0,,21.17,35.73490909090909,113.26969696969697,1.8181818181818181,15.444166666666668,0.3,28.386363636363637,8.122592592592593,,,,,,
6958049,12.0,55.58,1983,6,6,429.09090909090907,0.0,,18.440208333333334,35.581854166666666,106.53333333333335,1.8181818181818181,15.444166666666668,0.3,28.386363636363637,8.065416666666666,,,,,,
6958060,11.63,55.9,1983,6,6,429.09090909090907,0.0,,19.129791666666666,35.59260416666667,100.78958333333333,1.8181818181818181,15.444166666666668,0.3,28.386363636363637,8.048333333333334,,,,,,
6958067,11.13,56.32,1983,6,6,429.09090909090907,0.0,,19.32409090909091,35.54675,105.69318181818181,1.8181818181818181,15.444166666666668,0.3,28.386363636363637,8.083863636363636,,,,,,
8254183,11.0,55.0,1983,7,28,309.375,0.0,,15.454791666666667,35.37166666666666,105.69318181818181,1.8181818181818181,15.444166666666668,0.3,28.386363636363637,8.083863636363636,,,,,,
8254184,12.03,55.02,1983,7,28,163.51351351351352,0.0,,19.99,35.500457142857144,116.96857142857144,1.8181818181818181,15.444166666666668,0.3,28.386363636363637,8.025428571428572,2.331714285714286,,,,,
8254185,12.028,55.01,1983,7,28,309.375,2.1875,,16.580416666666668,35.355,116.96857142857144,1.8181818181818181,15.444166666666668,0.3,28.386363636363637,8.025428571428572,2.331714285714286,,,,,
8254186,12.712,55.0,1983,7,28,309.375,0.08333333333333333,,17.739791666666665,35.48833333333334,116.96857142857144,1.8181818181818181,15.444166666666668,0.3,28.386363636363637,8.025428571428572,2.331714285714286,,,,,
8254187,13.498,54.98,1983,7,28,309.375,0.0,,18.639791666666667,35.64875,116.96857142857144,1.8181818181818181,15.444166666666668,0.3,28.386363636363637,8.025428571428572,2.331714285714286,,,,,
8254188,13.5,54.98,1983,7,28,127.27272727272727,1.696969696969697,,18.639791666666667,35.97321875,165.58125,1.8181818181818181,15.444166666666668,0.3,28.386363636363637,8.025428571428572,2.331714285714286,,,,,
6968220,11.05,56.32,1983,11,7,0.0,0.0,,18.639791666666667,35.97321875,165.58125,1.8181818181818181,15.444166666666668,0.18,28.386363636363637,8.025428571428572,2.331714285714286,,,,,
7231874,11.0,55.0,1983,12,22,293.6170212765957,0.2127659574468085,,19.382454545454546,35.62659090909091,165.58125,1.8181818181818181,15.444166666666668,0.18,28.386363636363637,8.025428571428572,2.331714285714286,,,,,
7231909,11.62,57.9,1983,12,28,411.1111111111111,0.0,,18.074883720930234,35.686,165.58125,1.8181818181818181,15.444166666666668,0.18,28.386363636363637,8.025428571428572,2.331714285714286,,,,,
7231910,12.48,57.4,1983,12,28,484.48275862068965,0.0,,17.740444444444446,35.65824444444445,165.58125,1.8181818181818181,15.444166666666668,0.18,28.386363636363637,8.025428571428572,2.331714285714286,,,,,
7231911,13.23,56.95,1983,12,29,465.7894736842105,0.0,,18.148139534883722,35.63890697674419,165.58125,1.8181818181818181,15.444166666666668,0.18,28.386363636363637,8.025428571428572,2.331714285714286,,,,,
7231912,14.0,56.5,1983,12,29,465.7894736842105,0.0,,18.071590909090908,35.66765909090909,165.58125,1.8181818181818181,15.444166666666668,0.18,28.386363636363637,8.025428571428572,2.331714285714286,,,,,
7231913,14.35,55.12,1983,12,29,173.68421052631578,0.0,,21.8696875,35.73996875,165.58125,1.8181818181818181,15.444166666666668,0.18,28.386363636363637,8.025428571428572,2.331714285714286,,,,,
7231914,14.6,54.08,1983,12,30,163.51351351351352,0.0,,21.115294117647057,35.76920588235294,165.58125,1.8181818181818181,15.444166666666668,0.18,28.386363636363637,8.025428571428572,2.331714285714286,,,,,
7231931,14.82,54.55,1984,1,6,173.68421052631578,0.0,,21.837575757575756,35.83560606060606,165.58125,1.8181818181818181,15.444166666666668,0.18,28.386363636363637,8.025428571428572,2.331714285714286,,,,,
7231933,14.93,55.6,1984,1,7,163.51351351351352,0.0,,22.447666666666667,35.766933333333334,165.58125,1.8181818181818181,15.444166666666668,0.18,28.386363636363637,8.025428571428572,2.331714285714286,,,,,
7231934,15.1,56.62,1984,1,7,163.51351351351352,0.10810810810810811,,19.266944444444444,35.961083333333335,165.58125,1.8181818181818181,15.444166666666668,0.18,28.386363636363637,8.025428571428572,2.331714285714286,,,,,
7231935,15.35,57.65,1984,1,7,154.16666666666666,0.1111111111111111,,19.364242424242423,35.82478787878788,165.58125,1.8181818181818181,15.444166666666668,0.18,28.386363636363637,8.025428571428572,2.331714285714286,,,,,
7231936,15.5,58.5,1984,1,7,429.09090909090907,0.8909090909090909,,16.324883720930234,35.65895,165.58125,1.8181818181818181,15.444166666666668,0.18,28.386363636363637,8.025428571428572,2.331714285714286,,,,,
7231996,11.0,55.0,1984,1,24,411.1111111111111,0.0,,19.293170731707317,35.795,165.58125,1.8181818181818181,15.444166666666668,0.18,28.386363636363637,8.025428571428572,2.331714285714286,,,,,
11005498,11.0,55.0,1984,2,19,465.7894736842105,0.0,,16.69903846153846,35.59655769230769,137.62702702702703,1.8181818181818181,15.444166666666668,0.18,28.386363636363637,8.078108108108108,2.331714285714286,,,,,
11011433,13.7833,54.5833,1984,2,22,163.51351351351352,0.0,,19.45777777777778,35.727833333333336,137.62702702702703,1.8181818181818181,15.444166666666668,0.18,28.386363636363637,8.078108108108108,2.331714285714286,,,,,
11011434,13.9667,55.6833,1984,2,22,184.6153846153846,0.0,,20.465625,35.79934375,137.62702702702703,1.8181818181818181,15.444166666666668,0.18,28.386363636363637,8.078108108108108,2.331714285714286,,,,,
11011435,14.0,56.5,1984,2,22,522.5,0.0,,17.743589743589745,35.60068571428571,123.34102564102565,1.8181818181818181,15.444166666666668,0.18,28.386363636363637,8.06891891891892,2.331714285714286,,,,,
11011436,13.5667,56.75,1984,2,23,342.0,0.0,,19.640975609756097,35.57543902439025,119.58536585365853,1.8181818181818181,15.444166666666668,0.18,28.386363636363637,8.05951219512195,2.331714285714286,,,,,
11011437,13.1333,57.0167,1984,2,23,375.96153846153845,0.0,,17.714347826086957,35.47223913043478,126.52631578947368,1.8181818181818181,15.444166666666668,0.18,28.386363636363637,8.044736842105262,2.331714285714286,,,,,
11011438,12.7,57.2833,1984,2,23,541.8032786885246,0.0,,17.116444444444443,35.52348717948718,113.55348837209303,1.8181818181818181,15.444166666666668,0.18,28.386363636363637,8.006976744186046,2.331714285714286,,,,,
11011439,12.2667,57.5333,1984,2,23,375.96153846153845,0.0,,18.05195652173913,35.436,108.21739130434783,1.8181818181818181,15.444166666666668,0.18,28.386363636363637,8.02,2.331714285714286,,,,,
11011440,11.8333,57.8,1984,2,24,393.39622641509436,0.0,,18.55095238095238,35.562538461538466,118.5,1.8181818181818181,15.444166666666668,0.18,28.386363636363637,8.031428571428572,2.331714285714286,,,,,
11011441,11.3833,58.05,1984,2,24,661.1940298507462,0.0,,17.298510638297873,35.71152941176471,122.02682926829269,1.8181818181818181,15.444166666666668,0.18,28.386363636363637,8.050731707317073,2.331714285714286,,,,,
11005527,11.0,55.0,1984,2,26,465.7894736842105,0.0,,17.2625,35.86376923076923,137.05945945945945,1.8181818181818181,15.444166666666668,0.18,28.386363636363637,8.03027027027027,2.331714285714286,,,,,
8556886,11.5,58.17,1984,2,28,293.6170212765957,0.0,,19.01952380952381,35.974833333333336,119.28095238095239,1.35,15.444166666666668,0.18,23.404761904761905,8.03027027027027,2.331714285714286,,,,,
8556888,12.28,58.37,1984,2,29,293.6170212765957,0.0,,19.04404761904762,35.85733333333334,118.88095238095238,1.3430952380952381,15.444166666666668,0.18,23.476190476190474,8.03027027027027,2.331714285714286,,,,,
8556891,13.18,58.2,1984,3,1,293.6170212765957,0.0,,19.040714285714287,35.786880952380955,119.78333333333333,1.2771428571428571,15.444166666666668,0.18,21.80952380952381,8.03027027027027,2.331714285714286,,,,,
8557187,11.0,58.0,1984,6,6,293.6170212765957,0.0,,19.540952380952383,35.893904761904764,115.36428571428571,1.3238095238095238,15.444166666666668,0.18,22.61904761904762,8.03027027027027,2.331714285714286,,,,,
8557190,12.0,58.0,1984,6,7,184.6153846153846,0.15384615384615385,,20.525128205128205,36.01223076923077,132.7948717948718,1.0684615384615386,15.444166666666668,0.18,15.76923076923077,8.03027027027027,2.331714285714286,,,,,
8557193,13.0,58.0,1984,6,7,173.68421052631578,0.07894736842105263,,21.175263157894737,36.0325,133.11315789473684,1.055,15.444166666666668,0.18,14.842105263157896,8.03027027027027,2.331714285714286,,,,,
8557196,13.02,58.98,1984,6,8,293.6170212765957,0.0,,19.65904761904762,35.980309523809524,107.19047619047619,1.3630952380952381,15.444166666666668,0.18,23.047619047619047,8.03027027027027,2.331714285714286,,,,,
8557197,11.0,59.0,1984,6,9,278.2608695652174,0.0,,20.25975,36.00578947368421,120.925,1.2855,15.444166666666668,0.18,21.225,8.03027027027027,2.331714285714286,,,,,
6986013,11.06,54.54,1984,7,15,0.0,0.0,,20.25975,36.00578947368421,120.925,1.2855,15.444166666666668,0.13,21.225,8.03027027027027,2.331714285714286,,,,,
7482869,12.17,54.18,1985,3,27,80.55555555555556,0.0,,23.95384615384615,35.9193076923077,171.1346153846154,1.2855,15.444166666666668,0.13,21.225,8.03027027027027,2.331714285714286,,,,,
7482870,12.27,54.2,1985,3,27,47.5,0.0,,25.268,36.00765,187.7,1.2855,15.444166666666668,0.13,21.225,8.03027027027027,2.331714285714286,,,,,
7483269,12.7,54.03,1986,3,22,15.0,0.0,,26.737142857142857,36.22128571428571,206.71428571428572,1.2855,15.444166666666668,0.13,21.225,8.03027027027027,2.331714285714286,,,,,
7036760,11.24,54.36,1986,5,27,0.0,0.0,,26.737142857142857,36.22128571428571,206.71428571428572,1.2855,15.444166666666668,0.04,21.225,8.03027027027027,2.331714285714286,,,,,
7036759,11.05,55.54,1986,5,27,0.0,0.0,,26.737142857142857,36.22128571428571,206.71428571428572,1.2855,15.444166666666668,0.03,21.225,8.03027027027027,2.331714285714286,,,,,
7043456,24.341,58.161,1986,9,29,50.0,0.0,,26.737142857142857,36.22128571428571,206.71428571428572,1.2855,15.444166666666668,0.8073380952380953,21.225,8.03027027027027,2.331714285714286,,,,,
7043487,24.822,57.213,1986,9,30,62.5,0.0,,26.737142857142857,36.22128571428571,206.71428571428572,1.2855,15.444166666666668,0.3896952380952381,21.225,8.03027027027027,2.331714285714286,,,,,
7043558,23.59,58.998,1986,10,2,53.40909090909091,0.0,,26.737142857142857,36.22128571428571,206.71428571428572,1.2855,15.444166666666668,0.2777272727272727,21.225,8.03027027027027,2.331714285714286,,,,,
8577379,14.95,58.87,1988,4,19,293.6170212765957,0.0,,20.207560975609756,36.02517073170731,140.06896551724137,1.2855,15.444166666666668,0.2777272727272727,21.225,8.110344827586207,2.331714285714286,,,,,
8577380,15.5,58.5,1988,4,20,293.6170212765957,0.0,,20.171363636363637,36.08268181818182,133.5030303030303,1.2855,4.137555555555555,0.2777272727272727,6.697575757575758,8.067575757575758,2.4165,,,,,
8577381,15.47,58.53,1988,4,20,278.2608695652174,0.0,,20.56714285714286,36.09814285714286,133.5030303030303,1.2855,4.137555555555555,0.2777272727272727,6.697575757575758,8.067575757575758,2.4165,,,,,
8577382,14.25,58.27,1988,4,20,293.6170212765957,0.0,,20.297045454545454,36.061386363636366,133.5030303030303,1.2855,4.137555555555555,0.2777272727272727,6.697575757575758,8.067575757575758,2.4165,,,,,
8577383,13.0,58.05,1988,4,20,278.2608695652174,0.0,,19.90309523809524,35.708,133.5030303030303,1.2855,4.137555555555555,0.2777272727272727,6.697575757575758,8.067575757575758,2.4165,,,,,
8577384,11.75,57.83,1988,4,21,293.6170212765957,0.0,,19.67822222222222,35.659333333333336,107.29729729729729,1.2855,3.285923076923077,0.2777272727272727,8.483589743589745,8.014102564102565,2.393,,,,,
11014687,12.25,57.3333,1988,5,2,154.16666666666666,0.0,,21.942,36.115028571428574,107.29729729729729,1.2855,3.285923076923077,0.2777272727272727,8.483589743589745,8.014102564102565,2.393,,,,,
11014688,12.0,58.0833,1988,5,3,163.51351351351352,0.0,,21.29945945945946,35.94697297297297,107.29729729729729,1.2855,3.285923076923077,0.2777272727272727,8.483589743589745,8.014102564102565,2.393,,,,,
11014689,11.85,58.9,1988,5,3,163.51351351351352,0.0,,21.277428571428572,35.95825714285714,107.29729729729729,1.2855,3.285923076923077,0.2777272727272727,8.483589743589745,8.014102564102565,2.393,,,,,
8577449,15.0,58.83,1988,5,8,293.6170212765957,0.0,,20.627142857142857,36.00714285714285,149.3,1.2855,3.285923076923077,0.2777272727272727,8.483589743589745,8.079666666666666,2.435,,,,,
8577450,15.5,58.5,1988,5,9,293.6170212765957,0.0,,20.137272727272727,36.08261363636364,136.36666666666667,1.2855,3.285923076923077,0.2777272727272727,6.781000000000001,8.082666666666666,2.435,,,,,
7083081,11.45,57.583,1988,8,4,293.6170212765957,0.0,,18.763863636363638,35.64727272727273,136.36666666666667,1.2855,3.285923076923077,0.2777272727272727,6.781000000000001,8.082666666666666,2.435,,,,,
7083100,12.33,57.917,1988,8,4,293.6170212765957,0.0,,19.365909090909092,35.746590909090905,136.36666666666667,1.2855,3.285923076923077,0.2777272727272727,6.781000000000001,8.082666666666666,2.435,,,,,
7083139,13.24,58.3,1988,8,5,293.6170212765957,0.0,,19.641136363636363,35.782272727272726,136.36666666666667,1.2855,3.285923076923077,0.2777272727272727,6.781000000000001,8.082666666666666,2.435,,,,,
7484024,12.18,54.1,1988,12,30,94.82758620689656,0.0,,13.24,35.34,77.6,1.2855,3.285923076923077,0.2777272727272727,6.781000000000001,8.082666666666666,2.435,,,,,
7484025,12.12,54.12,1988,12,30,127.27272727272727,0.0,,11.69,35.36,43.0,1.2855,3.285923076923077,0.2777272727272727,6.781000000000001,8.082666666666666,2.435,,,,,
7484026,12.15,54.12,1988,12,31,94.82758620689656,0.0,,12.59,35.34,60.5,1.2855,3.285923076923077,0.2777272727272727,6.781000000000001,8.082666666666666,2.435,,,,,
7484167,15.0,59.0,1989,5,14,278.2608695652174,0.0,,21.336750000000002,35.8485,128.41500000000002,1.3083333333333333,3.285923076923077,0.2777272727272727,20.5,8.082666666666666,2.435,,,,,
7484271,14.5,54.0,1989,7,6,154.16666666666666,0.0,,20.343030303030304,35.801212121212124,128.71515151515152,1.3083333333333333,3.285923076923077,0.2777272727272727,20.5,8.082666666666666,2.435,,,,,
7484272,13.5,54.02,1989,7,7,154.16666666666666,0.4166666666666667,,20.974722222222223,35.781666666666666,140.51944444444445,1.3083333333333333,3.285923076923077,0.2777272727272727,20.5,8.082666666666666,2.435,,,,,
8259170,12.53,58.02,1990,2,12,661.1940298507462,0.0,,22.66846153846154,35.91481481481482,140.51944444444445,0.9677777777777777,7.151296296296296,0.2777272727272727,20.5,8.106538461538461,2.3642,,,,,
11015961,15.0,59.0,1990,2,23,293.6170212765957,0.0,,18.661190476190477,35.862880952380955,140.51944444444445,0.9677777777777777,7.151296296296296,0.2777272727272727,20.5,8.106538461538461,2.3642,,,,,
11015962,15.0,58.0,1990,2,23,293.6170212765957,0.0,,18.782380952380954,35.992666666666665,114.26666666666667,0.9677777777777777,7.151296296296296,0.2777272727272727,22.608,8.069666666666667,2.3642,,,,,
11015963,14.0,58.0,1990,2,24,293.6170212765957,0.0,,19.578095238095237,35.91304761904762,140.9,0.9677777777777777,7.151296296296296,0.2777272727272727,22.608,8.1,2.3642,,,,,
11015964,13.0,58.0,1990,2,24,293.6170212765957,0.0,,19.985,35.911476190476186,147.7133333333333,0.9677777777777777,7.151296296296296,0.2777272727272727,19.880999999999997,8.107333333333333,2.3642,,,,,
11015965,12.0,58.0,1990,2,24,293.6170212765957,0.0,,20.044761904761906,35.96785714285714,144.71666666666667,0.9677777777777777,7.151296296296296,0.2777272727272727,19.880999999999997,8.108666666666668,2.3642,,,,,
11015966,11.0,58.0,1990,2,24,293.6170212765957,0.0,,19.68547619047619,35.94826190476191,127.28666666666666,0.9677777777777777,7.151296296296296,0.2777272727272727,20.276999999999997,8.084,2.3642,,,,,
7484858,13.28,54.0,1991,6,1,208.53658536585365,0.0,,21.590487804878048,35.93534146341463,82.53658536585365,1.5951219512195123,7.151296296296296,0.2777272727272727,26.463414634146343,8.084,2.3642,,,,,
7484859,13.08,54.0,1991,6,1,263.3333333333333,0.0,,20.843488372093024,35.843023255813954,80.5046511627907,1.5046511627906978,7.151296296296296,0.2777272727272727,24.325581395348838,8.084,2.3642,,,,,
7484860,12.82,54.0,1991,6,2,94.82758620689656,0.1724137931034483,,24.901379310344826,36.03327586206896,105.63103448275862,1.3517241379310345,7.151296296296296,0.2777272727272727,17.586206896551722,8.084,2.3642,,,,,
7484861,12.7,54.03,1991,6,2,10.0,0.0,,30.558,36.230399999999996,207.2,0.3,7.151296296296296,0.2777272727272727,3.0,8.084,2.3642,,,,,
7484862,12.58,54.47,1991,6,3,10.0,0.0,,29.663999999999998,36.330799999999996,187.4,0.27999999999999997,7.151296296296296,0.2777272727272727,3.4,8.084,2.3642,,,,,
7484863,12.8,54.6,1991,6,4,278.2608695652174,0.0,,20.364418604651163,35.748418604651164,112.68604651162791,1.26,7.151296296296296,0.2777272727272727,22.093023255813954,8.084,2.3642,,,,,
7484864,12.97,54.8,1991,6,4,136.02941176470588,0.17647058823529413,,22.88823529411765,35.97532352941177,137.15,1.011764705882353,7.151296296296296,0.2777272727272727,16.647058823529413,8.084,2.3642,,,,,
7484865,13.17,55.0,1991,6,4,163.51351351351352,0.0,,22.994444444444444,35.96202777777778,131.09722222222223,0.8333333333333334,7.151296296296296,0.2777272727272727,13.61111111111111,8.084,2.3642,,,,,
7484866,12.37,54.45,1991,6,5,15.0,0.0,,28.521428571428572,35.89928571428571,204.42857142857142,0.37142857142857144,7.151296296296296,0.2777272727272727,3.0,8.084,2.3642,,,,,
7484867,12.2,54.62,1991,6,5,163.51351351351352,0.0,,20.609722222222224,35.59897222222222,116.28611111111111,1.2222222222222223,7.151296296296296,0.2777272727272727,15.577777777777776,8.084,2.3642,,,,,
7484868,12.0,54.8,1991,6,5,127.27272727272727,0.0,,20.96969696969697,35.60554545454545,103.17272727272727,1.280909090909091,7.151296296296296,0.2777272727272727,8.818181818181818,8.084,2.3642,,,,,
7484869,11.83,55.0,1991,6,5,118.75,0.0,,21.6290625,35.66790625,123.3746875,0.8326875,7.151296296296296,0.2777272727272727,13.49375,8.084,2.3642,,,,,
7484870,11.97,54.0,1991,6,6,163.51351351351352,0.0,,20.08108108108108,35.68740540540541,100.25135135135136,1.2594594594594595,7.151296296296296,0.2777272727272727,18.54054054054054,8.084,2.3642,,,,,
7484871,12.13,54.0,1991,6,6,30.0,0.0,,26.623076923076926,35.94476923076923,174.6153846153846,0.6369230769230769,7.151296296296296,0.2777272727272727,6.076923076923077,8.084,2.3642,,,,,
7484872,12.27,54.0,1991,6,6,7.5,0.0,,28.9275,36.143,197.75,0.4,7.151296296296296,0.2777272727272727,3.75,8.084,2.3642,,,,,
7163189,11.967,56.137,1992,7,31,94.82758620689656,0.0,,20.91207142857143,35.621428571428574,156.39828571428572,1.1795357142857144,13.807142857142859,0.5036809090909091,9.6,8.084,2.3642,,,,,
7163197,12.0,56.192,1992,7,31,661.1940298507462,0.0,,14.736481481481482,35.43648148148148,97.17888888888889,1.9751111111111113,23.71666666666667,0.5036809090909091,40.25,8.084,2.3642,,,,,
7163205,12.07,56.338,1992,8,1,87.5,0.0,,21.56680769230769,35.66538461538461,161.3023076923077,1.9751111111111113,23.71666666666667,0.34835789473684214,40.25,8.084,2.3642,,,,,
7167910,12.0,54.995,1993,1,24,57.608695652173914,0.0,,24.535904761904764,36.04685714285714,152.0447619047619,0.6740057142857143,6.252704761904762,0.19499526315789473,4.5130952380952385,8.084,2.3642,,,,,
7167911,12.05,54.967,1993,1,24,661.1940298507462,0.0,,16.954978260869563,35.74826086956522,84.27286956521739,1.6541266666666665,19.23713777777778,0.19499526315789473,31.535997777777776,8.084,2.3642,,,,,
7167916,12.03,54.882,1993,1,24,57.608695652173914,0.0,,24.633999999999997,36.08795238095238,147.80142857142857,0.6923809523809523,6.038571428571428,0.27861722222222224,4.3,8.084,2.3642,,,,,
7167923,12.05,54.887,1993,1,25,87.5,0.0,,23.899833333333333,36.10933333333333,140.36708333333334,0.8404166666666667,6.941666666666666,0.23901835,6.183333333333334,8.084,2.3642,,,,,
8081245,12.1628,54.3332,1993,8,19,118.75,0.0,0.0,12.832283333333335,,,0.8404166666666667,6.941666666666666,0.23901835,6.183333333333334,8.084,2.3642,0.3185,,,,
8081247,11.5908,54.602,1993,8,20,221.42857142857142,0.0,0.0,22.165814285714283,36.02,,0.8404166666666667,6.941666666666666,0.23901835,6.183333333333334,8.084,2.3642,0.6849999999999999,,,,
8081249,11.126,54.8592,1993,8,20,411.1111111111111,0.0,0.0,11.271728571428572,,32.75,0.8404166666666667,6.941666666666666,0.23901835,6.183333333333334,8.084,2.3642,0.14979,,,,
8081265,12.9975,56.5013,1993,8,22,154.16666666666666,0.0,0.0,15.982123076923076,35.485025,25.9,0.8404166666666667,6.941666666666666,0.23901835,6.183333333333334,8.084,2.3642,0.3986923076923077,,,,
8081267,13.7485,56.5015,1993,8,22,154.16666666666666,0.0,0.0,15.25945,,25.9,0.8404166666666667,6.941666666666666,0.23901835,6.183333333333334,8.084,2.3642,0.36819285714285716,,,,
8081270,14.752,56.5027,1993,8,23,278.2608695652174,0.0,0.0,13.494109523809524,,,0.8404166666666667,6.941666666666666,0.23901835,6.183333333333334,8.084,2.3642,0.27673333333333333,,,,
8081272,15.7465,56.5002,1993,8,23,221.42857142857142,0.0,0.0,15.608596296296296,,,0.8404166666666667,6.941666666666666,0.23901835,6.183333333333334,8.084,2.3642,0.3840777777777778,,,,
8081274,16.4925,56.7748,1993,8,23,411.1111111111111,0.0,0.0,13.48322,35.76555,30.85,0.8404166666666667,6.941666666666666,0.23901835,6.183333333333334,8.084,2.3642,0.25728695652173916,,,,
8081276,17.2663,57.0517,1993,8,23,309.375,0.0,0.0,12.995692307692307,,,0.8404166666666667,6.941666666666666,0.23901835,6.183333333333334,8.084,2.3642,0.15914615384615385,,,,
8081278,17.5835,57.1563,1993,8,24,154.16666666666666,0.0,0.0,15.77268181818182,,3.925,0.8404166666666667,6.941666666666666,0.23901835,6.183333333333334,8.084,2.3642,0.3360181818181818,,,,
8081280,17.5802,57.7497,1993,8,24,154.16666666666666,0.0,0.0,14.011275,,3.925,0.8404166666666667,6.941666666666666,0.23901835,6.183333333333334,8.084,2.3642,0.21233333333333335,,,,
8081281,17.8635,57.9208,1993,8,24,248.86363636363637,0.0,0.0,15.444139999999999,,106.75,0.8404166666666667,6.941666666666666,0.23901835,6.183333333333334,8.084,2.3642,0.3489,,,,
8081283,18.4168,58.2495,1993,8,24,906.4935064935065,0.0,0.0,9.619696,34.79907777777778,105.98181818181818,0.8404166666666667,6.941666666666666,0.23901835,6.183333333333334,8.084,2.3642,0.16169999999999998,,,,
13354783,25.2133,54.2467,1993,12,17,10.0,0.0,,25.537399999999998,40.279399999999995,194.2,0.8404166666666667,6.941666666666666,0.23901835,6.183333333333334,8.084,2.3642,0.16169999999999998,,,,
13354809,25.6583,56.785,1994,1,2,50.0,0.0,,25.334809523809522,37.04538095238095,203.1904761904762,0.8404166666666667,6.941666666666666,0.23901835,6.183333333333334,8.084,2.3642,0.16169999999999998,,,,
13354810,25.0964,57.5408,1994,1,2,154.16666666666666,0.0,,22.241888888888887,36.62861111111111,124.06777777777776,0.8404166666666667,6.941666666666666,0.23901835,6.183333333333334,8.084,2.3642,0.16169999999999998,,,,
13354811,24.6267,58.2433,1994,1,2,154.16666666666666,0.0,,21.25127777777778,36.513999999999996,90.7286111111111,0.8404166666666667,6.941666666666666,0.23901835,6.183333333333334,8.084,2.3642,0.16169999999999998,,,,
13354812,24.07,58.9633,1994,1,3,154.16666666666666,0.0,,21.514222222222223,36.43236111111111,93.20416666666667,0.8404166666666667,6.941666666666666,0.23901835,6.183333333333334,8.084,2.3642,0.16169999999999998,,,,
13362086,25.005,54.5967,1994,12,15,10.0,0.0,,23.7678,41.111,169.8,0.8404166666666667,6.941666666666666,0.23901835,6.183333333333334,8.084,2.3642,0.16169999999999998,,,,
13362087,25.2333,54.55,1994,12,16,12.5,0.0,,24.111666666666665,40.58,184.16666666666666,0.8404166666666667,6.941666666666666,0.23901835,6.183333333333334,8.084,2.3642,0.16169999999999998,,,,
13362088,25.5322,54.5986,1994,12,16,22.5,0.0,,24.7955,40.591899999999995,190.6,0.8404166666666667,6.941666666666666,0.23901835,6.183333333333334,8.084,2.3642,0.16169999999999998,,,,
13362089,25.8731,55.4831,1994,12,17,22.5,0.0,,25.3591,39.25,149.2,0.8404166666666667,6.941666666666666,0.23901835,6.183333333333334,8.084,2.3642,0.16169999999999998,,,,
13362090,25.7692,55.4919,1994,12,17,17.5,0.0,,25.373625,39.278375,159.75,0.8404166666666667,6.941666666666666,0.23901835,6.183333333333334,8.084,2.3642,0.16169999999999998,,,,
13362091,25.6503,55.5047,1994,12,17,10.0,0.0,,23.7752,39.0334,176.4,0.8404166666666667,6.941666666666666,0.23901835,6.183333333333334,8.084,2.3642,0.16169999999999998,,,,
9290492,17.6836,58.8339,1995,1,28,80.55555555555556,0.0,,22.483962962962963,36.26859259259259,123.76958333333334,1.048888888888889,8.40037037037037,0.23901835,7.133333333333333,8.084,2.4300249999999997,0.16169999999999998,2.17483,,,
9290493,17.6838,58.8346,1995,1,29,661.1940298507462,0.0,,10.088090909090909,35.47878787878788,27.915757575757578,2.623030303030303,31.63151515151515,0.23901835,68.38484848484848,8.084,2.433184375,0.16169999999999998,2.359771875,,,
9290494,18.0824,58.0006,1995,1,29,80.55555555555556,0.0,,22.682666666666666,36.32940740740741,133.94458333333333,1.2033333333333334,10.291481481481481,0.23901835,8.625925925925927,8.084,2.4128105263157895,0.16169999999999998,2.149405263157895,,,
9557209,18.08,57.99,1995,1,30,30.0,0.0,,22.682666666666666,36.32940740740741,133.94458333333333,1.2033333333333334,10.291481481481481,0.4989230769230769,8.625925925925927,8.084,2.4128105263157895,0.16169999999999998,2.149405263157895,,,
9290495,18.0748,58.0101,1995,1,30,661.1940298507462,0.0,,9.960205882352941,35.49367647058824,35.898739130434784,2.703823529411765,31.74058823529412,0.4989230769230769,71.74705882352941,8.084,2.4095,0.16169999999999998,2.33617,,,
9290496,18.0831,58.0004,1995,1,30,825.6756756756756,0.0,,11.123911764705882,35.47005882352941,73.78681818181818,2.118529411764706,25.95705882352941,0.4989230769230769,81.87647058823529,8.084,,0.16169999999999998,,,,
9290497,18.084,58.0001,1995,1,31,80.55555555555556,0.0,,22.391481481481485,36.34481481481481,119.35962962962964,1.2333333333333332,10.387777777777778,0.4989230769230769,9.344444444444445,8.084,2.4323851851851854,0.16169999999999998,2.174385185185185,,,
9290498,18.4499,57.3,1995,1,31,40.0,0.0,,24.416823529411765,36.53347058823529,194.7058823529412,0.6547058823529412,2.738235294117647,0.4989230769230769,2.5629411764705883,8.084,,0.16169999999999998,,,,
9290499,19.0018,58.9993,1995,2,1,878.9473684210526,0.0,,13.1203,35.72607575757576,70.39237878787878,2.1877272727272725,24.445454545454545,0.4989230769230769,60.06363636363636,8.084,2.430623404255319,0.16169999999999998,2.273859574468085,,,
9525084,17.6839,58.9746,1995,4,5,35.0,0.0,,13.1203,35.72607575757576,70.39237878787878,2.1877272727272725,24.445454545454545,0.28086666666666665,60.06363636363636,8.084,2.430623404255319,0.16169999999999998,2.273859574468085,,,
9290575,17.6862,58.8297,1995,4,5,80.55555555555556,0.0,,22.871814814814815,36.18288888888889,151.97272727272727,1.1774074074074075,11.727407407407407,0.695,7.403703703703704,8.084,2.432815,0.16169999999999998,2.1267500000000004,,,
9525085,17.724,58.8037,1995,4,5,35.0,0.0,,22.871814814814815,36.18288888888889,151.97272727272727,1.1774074074074075,11.727407407407407,0.33853333333333335,7.403703703703704,8.084,2.432815,0.16169999999999998,2.1267500000000004,,,
9290576,17.7272,58.8027,1995,4,5,600.78125,0.0,,10.268363636363636,35.483363636363634,48.48625,2.6369696969696967,32.54242424242425,0.33853333333333335,67.15454545454546,8.084,2.42573,0.16169999999999998,2.36034,,,
9290577,18.0839,58.0015,1995,4,5,80.55555555555556,0.0,,23.226814814814816,36.239518518518516,142.38181818181818,1.04,9.52037037037037,0.33853333333333335,7.1462962962962955,8.084,2.39848125,0.16169999999999998,2.136661538461538,,,
9290578,18.0903,58.0413,1995,4,5,852.0,0.0,,5.853291666666667,35.08479166666667,118.67571428571429,2.7550000000000003,36.204166666666666,0.33853333333333335,113.35833333333333,8.084,2.5048285714285714,0.16169999999999998,2.3730285714285713,,,
9525086,18.08,58.03,1995,4,5,40.0,0.0,,5.853291666666667,35.08479166666667,118.67571428571429,2.7550000000000003,36.204166666666666,0.3084117647058824,113.35833333333333,8.084,2.5048285714285714,0.16169999999999998,2.3730285714285713,,,
9290579,18.0831,58.0076,1995,4,6,600.78125,0.0,,10.529366666666666,35.51276666666667,43.74125,2.6136666666666666,31.835333333333335,0.3084117647058824,65.43,8.084,2.407777777777778,0.16169999999999998,2.342,,,
9525087,18.0895,58.0095,1995,4,6,40.0,0.0,,10.529366666666666,35.51276666666667,43.74125,2.6136666666666666,31.835333333333335,0.2882941176470588,65.43,8.084,2.407777777777778,0.16169999999999998,2.342,,,
9290580,18.1233,57.9866,1995,4,6,80.55555555555556,0.0,,23.57174074074074,36.22851851851852,74.81777777777778,1.0292592592592593,9.761333333333333,0.2882941176470588,6.485185185185185,8.084,2.407777777777778,0.16169999999999998,2.342,,,
9525088,18.0843,57.9994,1995,4,6,42.5,0.0,,23.57174074074074,36.22851851851852,74.81777777777778,1.0292592592592593,9.761333333333333,0.34844444444444445,6.485185185185185,8.084,2.407777777777778,0.16169999999999998,2.342,,,
11243813,12.725,58.8425,1995,4,6,1310.0,0.0,0.0,11.808051515151515,34.7552375,140.98611111111111,1.0292592592592593,9.761333333333333,0.34844444444444445,6.485185185185185,8.084,2.407777777777778,0.8672272727272727,2.342,,,
9290581,18.0833,57.9878,1995,4,7,80.55555555555556,0.0,,23.473666666666666,36.221333333333334,140.3462962962963,1.0155555555555555,9.312925925925926,0.34844444444444445,6.877777777777777,8.084,2.407777777777778,0.8672272727272727,2.342,,,
9290582,18.0822,57.9869,1995,4,7,263.3333333333333,0.0,,18.26719230769231,36.00480769230769,91.35846153846154,1.6257692307692309,16.71923076923077,0.34844444444444445,24.41923076923077,8.084,2.407777777777778,0.8672272727272727,2.342,,,
11243814,12.8845,58.5505,1995,4,7,1310.0,0.0,0.0,9.959716666666667,34.82379615384615,118.51052631578946,1.6257692307692309,16.71923076923077,0.34844444444444445,24.41923076923077,8.084,2.407777777777778,0.419525,2.342,,,
9525089,18.08,58.0035,1995,4,7,27.5,0.0,,9.959716666666667,34.82379615384615,118.51052631578946,1.6257692307692309,16.71923076923077,0.41,24.41923076923077,8.084,2.407777777777778,0.419525,2.342,,,
9290583,18.0793,58.0034,1995,4,7,640.9090909090909,0.0,,9.56255,35.434825000000004,27.476486486486486,2.691,32.87275,0.41,74.20750000000001,8.084,2.407777777777778,0.419525,2.342,,,
11243815,12.9417,58.443,1995,4,7,1310.0,0.0,0.0,12.988422222222221,34.757600000000004,140.8457142857143,2.691,32.87275,0.41,74.20750000000001,8.084,2.407777777777778,0.6973885714285715,2.342,,,
9290584,18.4488,57.3009,1995,4,7,40.0,0.0,,25.03335294117647,36.35047058823529,181.4294117647059,0.6241176470588234,3.7664705882352942,0.41,3.2294117647058824,8.084,2.35098,0.6973885714285715,2.05544,,,
11243816,12.7142,58.1988,1995,4,7,1378.2608695652175,0.0,0.0,9.147766666666666,35.06620625,114.96129032258065,0.6241176470588234,3.7664705882352942,0.41,3.2294117647058824,8.084,2.35098,0.5010105263157895,2.05544,,,
9525090,18.4495,57.3032,1995,4,7,22.5,0.0,,9.147766666666666,35.06620625,114.96129032258065,0.6241176470588234,3.7664705882352942,0.4088,3.2294117647058824,8.084,2.35098,0.5010105263157895,2.05544,,,
11243853,24.1793,58.6307,1995,4,24,934.6153846153846,0.0,0.0,14.369652380952381,34.996959999999994,51.375,0.6241176470588234,3.7664705882352942,0.4088,3.2294117647058824,8.084,2.35098,0.67922,2.05544,,,
11243854,24.4288,58.084,1995,4,24,342.0,0.0,0.0,17.2427,,4.1049999999999995,0.6241176470588234,3.7664705882352942,0.4088,3.2294117647058824,8.084,2.35098,0.6730200000000001,2.05544,,,
11243855,24.67,57.5773,1995,4,25,522.5,0.0,0.0,15.711802702702702,35.98347142857143,16.605238095238093,0.6241176470588234,3.7664705882352942,0.4088,3.2294117647058824,8.084,2.35098,0.7334281818181818,2.05544,,,
11243856,24.4257,57.3993,1995,4,25,136.02941176470588,0.0,0.0,21.611449999999998,36.6803,134.7,0.6241176470588234,3.7664705882352942,0.4088,3.2294117647058824,8.084,2.35098,0.88665,2.05544,,,
11243857,24.3493,57.3442,1995,4,25,118.75,0.0,0.0,21.77218,36.6803,118.78888888888888,0.6241176470588234,3.7664705882352942,0.4088,3.2294117647058824,8.084,2.35098,0.9051600000000001,2.05544,,,
11243858,24.2827,57.2885,1995,4,25,118.75,0.0,0.0,22.859861538461537,36.6803,124.04230769230769,0.6241176470588234,3.7664705882352942,0.4088,3.2294117647058824,8.084,2.35098,1.3495384615384616,2.05544,,,
11243859,24.2168,57.2273,1995,4,25,94.82758620689656,0.0,0.0,23.386066666666665,36.6803,76.95,0.6241176470588234,3.7664705882352942,0.4088,3.2294117647058824,8.084,2.35098,1.192125,2.05544,,,
18603171,13.25,58.3483,1995,4,30,727.1428571428571,0.0,0.0,23.386066666666665,35.79844285714286,76.95,0.6241176470588234,3.7664705882352942,0.4088,3.2294117647058824,8.084,2.35098,1.192125,2.213107142857143,,,
7552153,15.3015,56.5193,1995,6,2,293.6170212765957,0.0,0.0,8.3527,35.3773,76.95,0.6241176470588234,3.7664705882352942,0.4088,3.2294117647058824,8.084,2.35098,1.192125,2.213107142857143,,,
9290697,17.6826,58.8343,1995,8,8,74.03846153846153,0.0,,23.365576923076922,35.89173076923077,134.0296153846154,1.168076923076923,11.982692307692307,0.4088,8.473076923076922,8.084,2.15442,1.192125,2.213107142857143,,,
9290698,17.6759,58.8563,1995,8,9,25.0,0.0,,25.99318181818182,35.997749999999996,202.16666666666666,0.6854545454545454,4.723636363636364,0.4088,3.2545454545454544,8.084,2.15442,1.192125,2.213107142857143,,,
9290700,17.6494,58.8842,1995,8,9,620.7692307692307,0.0,,9.635052631578947,35.40834210526316,21.846129032258066,2.6752631578947366,32.75342105263158,0.4088,72.63684210526316,8.084,2.3619692307692306,1.192125,2.213107142857143,,,
9290701,18.1337,58.0031,1995,8,9,80.55555555555556,0.0,,20.128851851851852,35.71122222222222,113.5564,1.755925925925926,19.476666666666667,0.4088,13.637037037037036,8.084,2.2281625000000003,1.192125,2.213107142857143,,,
9290702,18.1226,58.0169,1995,8,9,825.6756756756756,0.0,,4.5645625,34.87146666666667,93.75,2.798666666666667,37.916000000000004,0.4088,133.92,8.084,2.4183714285714286,1.192125,2.213107142857143,,,
9290703,18.133,58.0059,1995,8,9,20.0,0.0,,22.070600000000002,34.87146666666667,93.75,1.478,15.920000000000002,0.4088,7.859999999999999,8.084,2.4183714285714286,1.192125,2.213107142857143,,,
9290704,18.1321,57.9981,1995,8,9,5.0,0.0,,22.72066666666667,,,,,0.4088,,8.084,2.4183714285714286,1.192125,2.213107142857143,,,
9290705,18.2352,58.1021,1995,8,10,12.5,0.0,,22.605666666666668,,,1.3783333333333332,15.173333333333332,0.4088,7.8999999999999995,8.084,2.4183714285714286,1.192125,2.213107142857143,,,
9290706,18.2577,58.1401,1995,8,10,80.55555555555556,0.0,,20.360599999999998,35.72452,118.04719999999999,1.6808,18.8964,0.4088,13.58,8.084,2.1952894736842103,1.192125,2.213107142857143,,,
9290707,18.133,57.995,1995,8,10,20.0,0.0,,22.993444444444446,35.72452,118.04719999999999,1.1877777777777778,14.434444444444445,0.4088,7.7333333333333325,8.084,2.1952894736842103,1.192125,2.213107142857143,,,
9557214,18.13,57.99,1995,8,10,17.5,0.0,,22.993444444444446,35.72452,118.04719999999999,1.1877777777777778,14.434444444444445,0.38625,7.7333333333333325,8.084,2.1952894736842103,1.192125,2.213107142857143,,,
9290708,18.1503,58.0059,1995,8,11,20.0,0.0,,22.852714285714285,35.72452,118.04719999999999,1.1877777777777778,14.434444444444445,0.38625,7.7333333333333325,8.084,2.1952894736842103,1.192125,2.213107142857143,,,
9290709,18.1609,58.0102,1995,8,11,661.1940298507462,0.0,,9.413820512820513,35.40320512820512,26.92096774193548,2.6641025641025644,33.33692307692308,0.38625,73.87948717948719,8.084,2.36335,1.192125,2.213107142857143,,,
7552458,19.0897,58.7892,1995,8,11,963.2911392405064,0.0,0.0,11.346434246575344,35.37369315068493,70.20547945205479,2.490958904109589,29.201780821917808,0.38625,68.50123287671234,8.084,2.4367246575342465,0.36123736842105264,2.3357150684931507,0.635401052631579,,
7552459,19.2537,58.5612,1995,8,11,661.1940298507462,0.0,0.0,12.60978870967742,35.5212,45.61774193548387,2.52,28.61177419354839,0.38625,55.645161290322584,8.084,,0.4356956097560976,2.3357150684931507,0.7727998292682927,,
7552462,19.4172,58.3325,1995,8,11,208.53658536585365,0.0,0.0,16.809930303030303,35.76021212121212,43.266666666666666,2.266060606060606,23.368484848484847,0.38625,25.763636363636365,8.084,2.4008454545454545,0.5007848484848485,2.3357150684931507,0.881990909090909,,
9290710,18.4998,57.2998,1995,8,11,40.0,0.0,,19.204882352941176,35.686058823529414,70.83333333333333,2.026666666666667,22.349999999999998,0.38625,19.066666666666666,8.084,2.2691,0.5007848484848485,2.3357150684931507,0.881990909090909,,
9557215,18.49,57.3,1995,8,11,17.5,0.0,,19.204882352941176,35.686058823529414,70.83333333333333,2.026666666666667,22.349999999999998,0.5825,19.066666666666666,8.084,2.2691,0.5007848484848485,2.3357150684931507,0.881990909090909,,
9290711,18.4973,57.3003,1995,8,11,20.0,0.0,,19.628800000000002,35.686058823529414,70.83333333333333,1.762,18.302,0.5825,11.7,8.084,2.2691,0.5007848484848485,2.3357150684931507,0.881990909090909,,
9290712,18.5013,57.3005,1995,8,11,5.0,0.0,,20.616,35.686058823529414,70.83333333333333,1.58,17.343333333333334,0.5825,9.233333333333334,8.084,2.2691,0.5007848484848485,2.3357150684931507,0.881990909090909,,
9290713,18.5322,57.3383,1995,8,12,12.5,0.0,,20.950666666666667,35.686058823529414,70.83333333333333,1.5350000000000001,17.026666666666667,0.5825,8.816666666666666,8.084,2.2691,0.5007848484848485,2.3357150684931507,0.881990909090909,,
9290714,18.5455,57.3345,1995,8,12,40.0,0.0,,19.506823529411765,35.67794117647059,59.300000000000004,1.802941176470588,20.131176470588237,0.5825,15.34705882352941,8.084,2.2707714285714284,0.5007848484848485,2.3357150684931507,0.881990909090909,,
9290715,18.6502,57.751,1995,8,12,74.03846153846153,0.0,,19.465230769230768,35.712346153846156,63.85434782608696,1.8026923076923076,20.749615384615385,0.5825,17.01153846153846,8.084,2.254195652173913,0.5007848484848485,2.3357150684931507,0.881990909090909,,
9290716,18.7672,58.1669,1995,8,12,74.03846153846153,0.0,,19.84592307692308,35.73580769230769,59.83166666666667,1.7816666666666667,21.316111111111113,0.5825,16.494444444444444,8.084,2.2345444444444444,0.5007848484848485,2.3357150684931507,0.881990909090909,,
9290717,18.884,58.5834,1995,8,12,74.03846153846153,0.0,,20.42873076923077,35.754538461538466,73.25653846153847,1.6203846153846155,19.67576923076923,0.5825,14.773076923076925,8.084,2.218526923076923,0.5007848484848485,2.3357150684931507,0.881990909090909,,
10865041,20.0522,58.9997,1995,8,18,750.7042253521126,0.0,0.0,14.579904545454546,34.97653333333333,72.48181818181818,1.6203846153846155,19.67576923076923,0.5825,14.773076923076925,8.084,2.218526923076923,0.5007848484848485,2.3357150684931507,0.881990909090909,,
10865042,17.6647,56.9025,1995,8,19,87.5,0.0,0.0,17.76391153846154,35.75765,38.550555555555555,1.6203846153846155,19.67576923076923,0.5825,14.773076923076925,8.084,2.218526923076923,0.5007848484848485,2.3357150684931507,0.881990909090909,,
10865043,17.5427,56.9338,1995,8,19,342.0,0.0,0.0,16.191167741935484,,7.976923076923077,1.6203846153846155,19.67576923076923,0.5825,14.773076923076925,8.084,2.218526923076923,0.5007848484848485,2.3357150684931507,0.881990909090909,,
10865044,17.3333,57.0168,1995,8,19,704.3478260869565,0.0,0.0,15.874248717948717,,31.069428571428574,1.6203846153846155,19.67576923076923,0.5825,14.773076923076925,8.084,2.218526923076923,0.5007848484848485,2.3357150684931507,0.881990909090909,,
10865045,17.1017,57.0983,1995,8,19,1083.132530120482,0.0,0.0,11.757248214285713,,33.175609756097565,1.6203846153846155,19.67576923076923,0.5825,14.773076923076925,8.084,2.218526923076923,0.5007848484848485,2.3357150684931507,0.881990909090909,,
10865046,16.4502,57.3683,1995,8,20,1177.906976744186,0.13953488372093023,0.0,11.611541666666666,34.87984545454545,0.0,1.6203846153846155,19.67576923076923,0.5825,14.773076923076925,8.084,2.218526923076923,0.5007848484848485,2.3357150684931507,0.881990909090909,,
10865047,15.8033,57.6367,1995,8,20,661.1940298507462,0.4925373134328358,0.0,17.225597435897438,,46.93600000000001,1.6203846153846155,19.67576923076923,0.5825,14.773076923076925,8.084,2.218526923076923,0.5007848484848485,2.3357150684931507,0.881990909090909,,
10865048,15.1345,57.9015,1995,8,20,661.1940298507462,0.8507462686567164,0.0,18.2132475,35.69348,11.194117647058825,1.6203846153846155,19.67576923076923,0.5825,14.773076923076925,8.084,2.218526923076923,0.5007848484848485,2.3357150684931507,0.881990909090909,,
10865049,14.3978,58.0803,1995,8,20,661.1940298507462,0.0,0.0,18.32315476190476,36.002,8.488888888888889,1.6203846153846155,19.67576923076923,0.5825,14.773076923076925,8.084,2.218526923076923,0.5007848484848485,2.3357150684931507,0.881990909090909,,
7552501,23.4883,58.86,1995,8,21,184.6153846153846,0.0,0.0,19.837720512820514,36.4037641025641,42.92230769230769,1.866923076923077,18.34076923076923,0.5825,19.39666666666667,8.084,2.434128205128205,1.2291852941176469,2.2684384615384614,1.0700294117647058,,
10865050,13.6667,58.2633,1995,8,21,661.1940298507462,0.0,0.0,17.926124390243903,,1.6558823529411764,1.866923076923077,18.34076923076923,0.5825,19.39666666666667,8.084,2.434128205128205,1.2291852941176469,2.2684384615384614,1.0700294117647058,,
7552503,24.2738,58.5418,1995,8,21,963.2911392405064,0.0,0.0,12.145903896103896,35.6354961038961,51.20519480519481,2.3864935064935064,27.60779220779221,0.5825,69.92337662337663,8.084,2.4503285714285714,0.15113128205128204,2.3448853333333335,0.20362285714285716,1.8802478260869564,8.136869565217392
10865051,12.905,58.4572,1995,8,21,1276.4044943820224,0.0,0.0,11.346307692307693,34.774025,79.428125,2.3864935064935064,27.60779220779221,0.5825,69.92337662337663,8.084,2.4503285714285714,0.15113128205128204,2.3448853333333335,0.20362285714285716,1.8802478260869564,8.136869565217392
7552504,24.4987,57.9933,1995,8,21,727.1428571428571,0.0,0.0,14.0436,35.77611029411765,46.32014705882353,2.2811764705882354,25.516632352941176,0.5825,56.927058823529414,8.084,2.0,0.37164342857142857,2.0,0.6033525714285713,1.8802478260869564,8.136869565217392
10865052,12.8825,58.5472,1995,8,21,1310.0,0.0,0.0,8.226954545454547,34.772619999999996,122.9,2.2811764705882354,25.516632352941176,0.5825,56.927058823529414,8.084,2.0,0.37164342857142857,2.0,0.6033525714285713,1.8802478260869564,8.136869565217392
7552505,24.7272,57.4492,1995,8,21,465.7894736842105,0.0,0.0,16.289156140350876,35.975498245614034,35.10701754385965,2.1585964912280704,23.224912280701755,0.5825,40.16210526315789,8.084,2.431782456140351,0.452273137254902,2.0,0.7557521568627451,1.8802478260869564,8.136869565217392
10865053,12.7195,58.8505,1995,8,21,1276.4044943820224,0.0,0.0,12.3805921875,34.815895833333336,76.90697674418605,2.1585964912280704,23.224912280701755,0.5825,40.16210526315789,8.084,2.431782456140351,0.452273137254902,2.0,0.7557521568627451,1.8802478260869564,8.136869565217392
7552506,24.5692,57.2222,1995,8,21,208.53658536585365,0.0,0.0,19.8107675,36.2877325,49.29,1.84275,18.305125,0.5825,21.330000000000002,8.084,2.0,0.7517172413793104,2.0,1.0647655172413792,1.8802478260869564,8.136869565217392
7552507,24.481,57.0952,1995,8,22,110.48387096774194,0.0,0.0,22.544274193548386,36.78348387096774,66.69999999999999,1.522258064516129,15.309032258064516,0.5825,13.638387096774194,8.084,2.450390322580645,3.899555555555555,2.0,1.3047407407407408,1.8802478260869564,8.136869565217392
7552508,24.3897,56.9592,1995,8,22,42.5,0.0,0.0,24.06341666666667,36.45498333333333,90.80555555555556,1.3044444444444445,13.166666666666666,0.5825,9.32,8.084,2.0,1.8047222222222221,2.0,1.5085555555555556,1.8802478260869564,8.136869565217392
8083153,19.0833,58.8,1995,8,31,963.2911392405064,0.0,0.0,10.99407922077922,35.37605974025974,45.422077922077925,2.3536363636363635,30.105584415584417,0.5825,69.91142857142857,8.084,2.4371125,0.3249622222222222,2.3195533333333334,0.5748903333333334,1.8802478260869564,8.136869565217392
8083154,18.0862,58.0028,1995,8,31,852.0,0.0,0.0,11.740413333333333,35.400256000000006,55.66266666666667,2.409733333333333,28.897692307692306,0.5825,66.08293333333334,8.084,2.424466666666667,0.4202323529411765,2.3278146666666664,0.7371356862745098,1.8989709677419355,8.117
8083155,16.2667,56.5555,1995,9,1,1114.2857142857142,0.0,0.0,9.087340000000001,35.29775733333333,51.00933333333333,2.530266666666667,31.85411764705882,0.5825,85.5308,8.084,2.424466666666667,0.17777537567567567,2.3278146666666664,0.2884573763157895,1.8989709677419355,8.117
8083156,14.8333,55.4195,1995,9,2,775.0,0.0,0.0,12.793311428571428,35.379224637681155,61.52285714285715,2.082753623188406,27.13173913043478,0.5825,58.741159420289854,8.084,2.4183238095238093,0.49440162162162166,2.2540714285714283,0.8759767567567568,1.8904192307692307,8.00703846153846
8083157,14.6695,54.75,1995,9,2,704.3478260869565,0.0,0.0,13.471408695652174,35.451291304347826,68.44347826086957,2.094782608695652,26.966376811594206,0.5825,53.42710144927537,8.084,2.3940760869565216,0.47589004,2.237419565217391,0.84984048,1.8904192307692307,8.00703846153846
8083158,14.5055,54.0805,1995,9,2,775.0,0.0,0.0,11.901064285714284,35.42958428571429,52.544285714285714,2.343714285714286,29.530289855072464,0.5825,60.854571428571425,8.084,2.4043595744680855,0.3994310256410256,2.2905,0.6801564102564103,1.7544708333333334,7.247833333333333
10865121,11.0773,55.6382,1995,9,9,661.1940298507462,0.0,0.0,16.210038095238094,35.35965,67.41666666666667,2.343714285714286,29.530289855072464,0.5825,60.854571428571425,8.084,2.4043595744680855,0.5626682926829267,2.2905,1.1468731707317072,1.7544708333333334,7.247833333333333
10865122,11.5743,55.6358,1995,9,9,661.1940298507462,0.0,0.0,15.523372340425533,35.57441428571428,121.44545454545455,2.343714285714286,29.530289855072464,0.5825,60.854571428571425,8.084,2.4043595744680855,0.49503023255813955,2.2905,0.9975627906976745,1.7544708333333334,7.247833333333333
9290811,17.6811,58.8347,1995,9,9,80.55555555555556,0.0,,20.30862962962963,35.695049999999995,95.6585,1.68,19.851481481481482,0.29153962962962965,12.411111111111111,8.084,2.4043595744680855,0.49503023255813955,2.2905,0.9975627906976745,1.7544708333333334,7.247833333333333
9290812,17.6629,58.8552,1995,9,9,62.5,0.0,,21.2355,35.695049999999995,95.6585,1.5875000000000001,18.31625,0.6819999999999999,9.770833333333334,8.084,2.4043595744680855,0.49503023255813955,2.2905,0.9975627906976745,1.7544708333333334,7.247833333333333
10865123,11.927,55.0087,1995,9,9,661.1940298507462,0.0,0.0,15.535704255319148,35.578354545454545,159.17333333333332,1.5875000000000001,18.31625,0.6819999999999999,9.770833333333334,8.084,2.4043595744680855,0.4969704545454545,2.2905,0.9864545454545456,1.7544708333333334,7.247833333333333
9290813,17.6821,58.8353,1995,9,9,661.1940298507462,0.0,,14.733810344827587,35.55408620689656,71.9461224489796,2.207,26.36310344827586,0.6819999999999999,43.45517241379311,8.084,2.4043595744680855,0.4969704545454545,2.2905,0.9864545454545456,1.7544708333333334,7.247833333333333
10865124,11.7927,54.027,1995,9,10,661.1940298507462,0.0,0.0,15.973068750000001,,163.225,2.207,26.36310344827586,0.6819999999999999,43.45517241379311,8.084,2.4043595744680855,0.5489159090909091,2.2905,1.0814136363636364,1.7544708333333334,7.247833333333333
9525096,18.1158,58.0008,1995,9,10,80.55555555555556,0.0,,15.973068750000001,,163.225,2.207,26.36310344827586,0.42131481481481486,43.45517241379311,8.084,2.4043595744680855,0.5489159090909091,2.2905,1.0814136363636364,1.7544708333333334,7.247833333333333
9290814,18.0826,58.0008,1995,9,10,80.55555555555556,0.0,,18.902814814814818,35.687703703703704,151.29916666666665,1.9374074074074075,21.704444444444444,0.42131481481481486,17.803703703703704,8.084,2.4043595744680855,0.5489159090909091,2.2905,1.0814136363636364,1.7544708333333334,7.247833333333333
9290815,18.0826,58.0027,1995,9,10,68.0,0.0,,19.48868,35.687703703703704,151.29916666666665,1.8603999999999998,21.097599999999996,1.2225555555555556,15.732000000000001,8.084,2.4043595744680855,0.5489159090909091,2.2905,1.0814136363636364,1.7544708333333334,7.247833333333333
9290816,18.0829,58.0009,1995,9,10,661.1940298507462,0.0,,14.280824561403508,35.550964912280705,57.04456140350877,2.2840350877192983,26.972631578947368,1.2225555555555556,45.18771929824561,8.084,2.4043595744680855,0.5489159090909091,2.2905,1.0814136363636364,1.7544708333333334,7.247833333333333
9290817,18.083,58.0017,1995,9,10,68.0,0.0,,20.08416,35.550964912280705,57.04456140350877,1.7372,19.395599999999998,1.2225555555555556,13.128,8.084,2.4043595744680855,0.5489159090909091,2.2905,1.0814136363636364,1.7544708333333334,7.247833333333333
9525097,18.12,58.0,1995,9,10,22.5,0.0,,20.08416,35.550964912280705,57.04456140350877,1.7372,19.395599999999998,0.8621000000000001,13.128,8.084,2.4043595744680855,0.5489159090909091,2.2905,1.0814136363636364,1.7544708333333334,7.247833333333333
9290818,18.0994,58.1152,1995,9,11,878.9473684210526,0.0,,12.058978260869564,35.29367391304348,100.29499999999999,2.574857142857143,33.312285714285714,0.8621000000000001,91.68571428571428,8.084,2.4043595744680855,0.5489159090909091,2.2905,1.0814136363636364,1.7544708333333334,7.247833333333333
9290819,18.1051,58.1558,1995,9,11,62.5,0.0,,20.430541666666667,35.29367391304348,100.29499999999999,1.6995833333333332,19.075,0.9155454545454546,12.141666666666666,8.084,2.4043595744680855,0.5489159090909091,2.2905,1.0814136363636364,1.7544708333333334,7.247833333333333
9290820,18.0825,57.9995,1995,9,11,50.0,0.0,,20.371666666666666,35.29367391304348,100.29499999999999,1.7642857142857142,20.30809523809524,0.9155454545454546,13.457142857142859,8.084,2.4043595744680855,0.5489159090909091,2.2905,1.0814136363636364,1.7544708333333334,7.247833333333333
9290821,18.0801,58.0064,1995,9,12,447.32142857142856,0.0,,6.923666666666667,35.29367391304348,100.29499999999999,1.7642857142857142,20.30809523809524,0.9155454545454546,13.457142857142859,8.084,2.4043595744680855,0.5489159090909091,2.2905,1.0814136363636364,1.7544708333333334,7.247833333333333
9290822,18.0821,58.0188,1995,9,12,50.0,0.0,,20.47795238095238,35.29367391304348,100.29499999999999,1.7642857142857142,20.30809523809524,0.9155454545454546,13.457142857142859,8.084,2.4043595744680855,0.5489159090909091,2.2905,1.0814136363636364,1.7544708333333334,7.247833333333333
9290823,18.4996,57.3004,1995,9,12,40.0,0.0,,18.98694117647059,35.68094117647059,70.83764705882353,2.038235294117647,21.777058823529412,0.7582352941176471,19.61764705882353,8.084,2.4043595744680855,0.5489159090909091,2.2905,1.0814136363636364,1.7544708333333334,7.247833333333333
9290824,18.6336,57.7507,1995,9,12,68.0,0.0,,18.78472,35.72296,75.5486956521739,2.0352,22.4984,0.331632,20.8,8.084,2.4043595744680855,0.5489159090909091,2.2905,1.0814136363636364,1.7544708333333334,7.247833333333333
9290825,18.884,58.5878,1995,9,13,80.55555555555556,0.0,,18.79711111111111,35.666785714285716,105.98571428571428,1.8,20.728571428571428,0.22837666666666667,15.742857142857144,8.084,2.4043595744680855,0.5489159090909091,2.2905,1.0814136363636364,1.7544708333333334,7.247833333333333
9290827,18.9991,58.9979,1995,9,13,154.16666666666666,0.0,,18.2755,35.734833333333334,16.0552,1.9849999999999999,22.53027777777778,0.21698222222222224,20.280555555555555,8.084,2.4043595744680855,0.5489159090909091,2.2905,1.0814136363636364,1.7544708333333334,7.247833333333333
10865141,11.2885,56.8315,1995,9,14,661.1940298507462,0.0,0.0,18.144405263157893,35.2703,37.483333333333334,1.9849999999999999,22.53027777777778,0.21698222222222224,20.280555555555555,8.084,2.4043595744680855,0.635090625,2.2905,1.31029375,1.7544708333333334,7.247833333333333
10865142,11.7403,56.661,1995,9,14,661.1940298507462,0.0,0.0,18.156405405405405,35.63745,98.53125,1.9849999999999999,22.53027777777778,0.21698222222222224,20.280555555555555,8.084,2.4043595744680855,0.625746875,2.2905,1.27059375,1.7544708333333334,7.247833333333333
10865143,12.1838,56.5835,1995,9,14,136.02941176470588,0.0,0.0,22.71880909090909,35.53105,168.7,1.9849999999999999,22.53027777777778,0.21698222222222224,20.280555555555555,8.084,2.4043595744680855,0.87705,2.2905,1.7502,1.7544708333333334,7.247833333333333
10865144,12.6723,56.5048,1995,9,14,661.1940298507462,0.0,0.0,19.37301463414634,35.5323,134.47857142857143,1.9849999999999999,22.53027777777778,0.21698222222222224,20.280555555555555,8.084,2.4043595744680855,0.6626473684210525,2.2905,1.3168763157894736,1.7544708333333334,7.247833333333333
10865145,13.0253,56.8702,1995,9,15,661.1940298507462,0.0,0.0,19.207488372093025,35.67272857142857,143.01538461538462,1.9849999999999999,22.53027777777778,0.21698222222222224,20.280555555555555,8.084,2.4043595744680855,0.6681263157894737,2.2905,1.3392421052631578,1.7544708333333334,7.247833333333333
10865146,13.4088,57.2567,1995,9,15,661.1940298507462,0.0,0.0,18.5688425,34.8217,117.60833333333333,1.9849999999999999,22.53027777777778,0.21698222222222224,20.280555555555555,8.084,2.4043595744680855,0.658572972972973,2.2905,1.3337297297297297,1.7544708333333334,7.247833333333333
10865147,13.414,56.755,1995,9,15,661.1940298507462,0.0,0.0,19.4374575,35.8613,117.0923076923077,1.9849999999999999,22.53027777777778,0.21698222222222224,20.280555555555555,8.084,2.4043595744680855,0.642423076923077,2.2905,1.2915589743589744,1.7544708333333334,7.247833333333333
10865148,13.8342,56.5053,1995,9,15,661.1940298507462,0.0,0.0,18.050438636363637,34.8307,45.24,1.9849999999999999,22.53027777777778,0.21698222222222224,20.280555555555555,8.084,2.4043595744680855,0.4927333333333333,2.2905,1.0023888888888888,1.7544708333333334,7.247833333333333
10865149,14.3328,56.5098,1995,9,15,661.1940298507462,0.0,0.0,16.48672,35.566520000000004,10.986666666666668,1.9849999999999999,22.53027777777778,0.21698222222222224,20.280555555555555,8.084,2.4043595744680855,0.30319999999999997,2.2905,0.604957894736842,1.7544708333333334,7.247833333333333
10865150,14.9155,56.5052,1995,9,16,661.1940298507462,0.0,0.0,16.410013636363637,35.5142875,18.621904761904762,1.9849999999999999,22.53027777777778,0.21698222222222224,20.280555555555555,8.084,2.4043595744680855,0.4953046511627907,2.2905,1.0093976744186046,1.7544708333333334,7.247833333333333
10865151,15.5005,56.5033,1995,9,16,661.1940298507462,0.0,0.0,15.10648409090909,35.1702,16.616666666666667,1.9849999999999999,22.53027777777778,0.21698222222222224,20.280555555555555,8.084,2.4043595744680855,0.4323157894736842,2.2905,0.8482973684210527,1.7544708333333334,7.247833333333333
10865152,16.0817,56.4972,1995,9,16,661.1940298507462,0.0,0.0,15.63091111111111,34.8388,3.7736842105263158,1.9849999999999999,22.53027777777778,0.21698222222222224,20.280555555555555,8.084,2.4043595744680855,0.46253,2.2905,0.94345,1.7544708333333334,7.247833333333333
10865153,16.6328,56.6988,1995,9,16,661.1940298507462,0.0,0.0,16.11598108108108,35.2581,7.9956249999999995,1.9849999999999999,22.53027777777778,0.21698222222222224,20.280555555555555,8.084,2.4043595744680855,0.4682472222222222,2.2905,0.9806111111111111,1.7544708333333334,7.247833333333333
10865154,17.1643,56.9192,1995,9,16,661.1940298507462,0.0,0.0,16.340812195121952,35.7886,3.6545454545454548,1.9849999999999999,22.53027777777778,0.21698222222222224,20.280555555555555,8.084,2.4043595744680855,0.5384060606060606,2.2905,1.1495454545454546,1.7544708333333334,7.247833333333333
10865155,17.3805,57.0193,1995,9,17,522.5,0.0,0.0,16.04330465116279,35.65285,2.931363636363636,1.9849999999999999,22.53027777777778,0.21698222222222224,20.280555555555555,8.084,2.4043595744680855,0.48536190476190477,2.2905,1.0303690476190477,1.7544708333333334,7.247833333333333
10865156,17.5808,57.1512,1995,9,17,173.68421052631578,0.0,0.0,16.979857142857142,35.673233333333336,1.7125,1.9849999999999999,22.53027777777778,0.21698222222222224,20.280555555555555,8.084,2.4043595744680855,0.4666678571428572,2.2905,0.9671428571428572,1.7544708333333334,7.247833333333333
9290829,24.3275,58.1747,1995,10,29,80.55555555555556,0.0,,22.827916666666667,36.40079166666667,24.384444444444444,1.5512499999999998,16.05375,0.21698222222222224,11.025,8.084,2.4043595744680855,0.4666678571428572,2.2905,0.9671428571428572,1.7544708333333334,7.247833333333333
9290830,24.3302,58.1801,1995,10,29,27.5,0.0,,25.947999999999997,36.616,97.53999999999999,1.267,12.609,0.5135,7.55,8.084,2.4043595744680855,0.4666678571428572,2.2905,0.9671428571428572,1.7544708333333334,7.247833333333333
9290831,24.333,58.1694,1995,10,29,640.9090909090909,0.0,,9.541275,35.4867,22.99105,2.754,31.824725,0.5135,77.2825,8.084,2.4043595744680855,0.4666678571428572,2.2905,0.9671428571428572,1.7544708333333334,7.247833333333333
9290950,18.1356,57.9976,1995,11,17,800.0,0.0,,9.600825,35.34636842105263,37.4255,2.632,31.254975,0.5135,75.14,8.084,2.4043595744680855,0.4666678571428572,2.2905,0.9671428571428572,1.7544708333333334,7.247833333333333
9290951,18.1373,57.9936,1995,11,17,68.0,0.0,,21.844250000000002,35.60629166666667,123.19473684210526,1.12375,13.037399166666667,0.22991041666666667,9.804166666666667,8.084,2.4043595744680855,0.4666678571428572,2.2905,0.9671428571428572,1.7544708333333334,7.247833333333333
9290952,18.1369,57.9991,1995,11,17,30.0,0.0,,25.097615384615384,35.757363636363635,184.93636363636364,1.12375,13.037399166666667,0.38084615384615383,9.804166666666667,8.084,2.4043595744680855,0.4666678571428572,2.2905,0.9671428571428572,1.7544708333333334,7.247833333333333
9290953,18.5002,57.3,1995,11,17,35.0,0.0,,26.325,36.168800000000005,184.37692307692308,1.12375,13.037399166666667,0.38084615384615383,9.804166666666667,8.084,2.4043595744680855,0.4666678571428572,2.2905,0.9671428571428572,1.7544708333333334,7.247833333333333
9290954,18.5007,57.2979,1995,11,17,25.0,0.0,,26.91590909090909,36.168800000000005,184.37692307692308,,,0.38084615384615383,,8.084,2.4043595744680855,0.4666678571428572,2.2905,0.9671428571428572,1.7544708333333334,7.247833333333333
9290955,18.5012,57.3,1995,11,17,25.0,0.0,,27.219636363636365,36.174600000000005,184.37692307692308,0.382,,0.38084615384615383,0.9,8.084,2.4043595744680855,0.4666678571428572,2.2905,0.9671428571428572,1.7544708333333334,7.247833333333333
9290956,18.4995,57.3005,1995,11,17,25.0,0.0,,27.33972727272727,36.174600000000005,184.37692307692308,,,0.38084615384615383,,8.084,2.4043595744680855,0.4666678571428572,2.2905,0.9671428571428572,1.7544708333333334,7.247833333333333
9290957,18.5,57.2992,1995,11,17,25.0,0.0,,27.22627272727273,36.174600000000005,184.37692307692308,0.45444444444444443,0.9922222222222222,0.38084615384615383,1.1444444444444446,8.084,2.4043595744680855,0.4666678571428572,2.2905,0.9671428571428572,1.7544708333333334,7.247833333333333
9290958,18.5,57.3,1995,11,17,25.0,0.0,,26.917363636363635,,,0.5581818181818182,2.9598181818181817,0.40954545454545455,1.309090909090909,8.084,2.4043595744680855,0.4666678571428572,2.2905,0.9671428571428572,1.7544708333333334,7.247833333333333
9290959,18.515,57.3175,1995,11,18,25.0,0.0,,27.08309090909091,36.171800000000005,,0.386,0.184,0.40954545454545455,1.012,8.084,2.4043595744680855,0.4666678571428572,2.2905,0.9671428571428572,1.7544708333333334,7.247833333333333
9290960,18.5162,57.3174,1995,11,18,35.0,0.0,,26.54286666666667,36.1804,168.77692307692308,0.6833333333333333,5.5,0.40954545454545455,2.1026666666666665,8.084,2.4043595744680855,0.4666678571428572,2.2905,0.9671428571428572,1.7544708333333334,7.247833333333333
9290961,18.491,57.2975,1995,11,18,25.0,0.0,,27.222454545454546,36.1804,168.77692307692308,0.39,0.00406,0.40954545454545455,1.1800000000000002,8.084,2.4043595744680855,0.4666678571428572,2.2905,0.9671428571428572,1.7544708333333334,7.247833333333333
9290962,18.5,57.3033,1995,11,18,25.0,0.0,,27.104272727272726,36.1804,168.77692307692308,0.39,0.00406,0.40954545454545455,1.1800000000000002,8.084,2.4043595744680855,0.4666678571428572,2.2905,0.9671428571428572,1.7544708333333334,7.247833333333333
9290963,18.4971,57.2877,1995,11,18,25.0,0.0,,27.22609090909091,,168.77692307692308,0.46636363636363637,2.146818181818182,0.5138181818181818,1.0727272727272728,8.084,2.4043595744680855,0.4666678571428572,2.2905,0.9671428571428572,1.7544708333333334,7.247833333333333
9290964,18.4972,57.2739,1995,11,18,30.0,0.0,,26.52123076923077,,151.18571428571428,0.746923076923077,4.156076923076923,0.5138181818181818,2.276923076923077,8.084,2.4043595744680855,0.4666678571428572,2.2905,0.9671428571428572,1.7544708333333334,7.247833333333333
9290965,18.5031,57.2606,1995,11,18,35.0,0.0,,26.05666666666667,36.1368,160.77066666666667,0.8206666666666667,6.284885333333333,0.4794,2.8,8.084,2.4043595744680855,0.4666678571428572,2.2905,0.9671428571428572,1.7544708333333334,7.247833333333333
9290966,18.5082,57.2687,1995,11,18,25.0,0.0,,27.12390909090909,36.1368,160.77066666666667,0.44333333333333336,0.7898888888888889,0.4794,0.8999999999999999,8.084,2.4043595744680855,0.4666678571428572,2.2905,0.9671428571428572,1.7544708333333334,7.247833333333333
9290967,16.4155,56.4971,1995,11,19,30.0,0.0,,23.363,35.69763636363636,153.25777777777776,0.9553846153846154,8.95875076923077,0.4047692307692308,6.730769230769231,8.084,2.4043595744680855,0.4666678571428572,2.2905,0.9671428571428572,1.7544708333333334,7.247833333333333
9290968,16.4172,56.5007,1995,11,19,80.55555555555556,0.0,,20.642500000000002,35.63279166666667,94.75,1.4241666666666666,15.689166666666667,0.4047692307692308,12.658333333333333,8.084,2.4043595744680855,0.4666678571428572,2.2905,0.9671428571428572,1.7544708333333334,7.247833333333333
9290969,16.412,56.4858,1995,11,19,27.5,0.0,,23.94825,35.63766666666667,162.0,0.8033333333333333,7.527533333333333,0.5525833333333333,5.691666666666666,8.084,2.4043595744680855,0.4666678571428572,2.2905,0.9671428571428572,1.7544708333333334,7.247833333333333
9290970,16.9178,57.2654,1995,11,19,80.55555555555556,0.0,,21.613960000000002,35.79828,117.5188888888889,1.5136,16.3260328,0.5525833333333333,12.395999999999999,8.084,2.4043595744680855,0.4666678571428572,2.2905,0.9671428571428572,1.7544708333333334,7.247833333333333
9290971,16.918,57.2662,1995,11,19,30.0,0.0,,24.873538461538462,35.93725,117.5188888888889,0.2925,0.0135,0.5525833333333333,2.05,8.084,2.4043595744680855,0.4666678571428572,2.2905,0.9671428571428572,1.7544708333333334,7.247833333333333
9290972,16.918,57.2657,1995,11,19,30.0,0.0,,24.769923076923078,35.93725,117.5188888888889,0.33166666666666667,0.538,0.5525833333333333,3.25,8.084,2.4043595744680855,0.4666678571428572,2.2905,0.9671428571428572,1.7544708333333334,7.247833333333333
9290973,16.9187,57.2674,1995,11,19,30.0,0.6153846153846154,,24.266615384615385,35.93725,117.5188888888889,1.1644444444444444,11.134444444444444,0.5525833333333333,6.477777777777778,8.084,2.4043595744680855,0.4666678571428572,2.2905,0.9671428571428572,1.7544708333333334,7.247833333333333
9290974,16.9176,57.2654,1995,11,19,30.0,0.0,,24.558384615384618,35.817875,151.4375,0.9607692307692308,9.503692307692308,0.21633846153846156,5.884615384615385,8.084,2.4043595744680855,0.4666678571428572,2.2905,0.9671428571428572,1.7544708333333334,7.247833333333333
9557217,16.92,57.27,1995,11,19,30.0,0.0,,24.558384615384618,35.817875,151.4375,0.9607692307692308,9.503692307692308,0.21623076923076923,5.884615384615385,8.084,2.4043595744680855,0.4666678571428572,2.2905,0.9671428571428572,1.7544708333333334,7.247833333333333
9290975,16.9269,57.2674,1995,11,20,30.0,0.0,,24.74076923076923,35.879444444444445,151.4375,0.76,7.144444444444444,0.21623076923076923,3.6222222222222222,8.084,2.4043595744680855,0.4666678571428572,2.2905,0.9671428571428572,1.7544708333333334,7.247833333333333
9290976,16.9373,57.2592,1995,11,20,68.0,0.0,,22.083,35.818625,55.99473684210527,1.4916666666666665,15.655208333333334,0.15083583333333334,10.429166666666665,8.084,2.4043595744680855,0.4666678571428572,2.2905,0.9671428571428572,1.7544708333333334,7.247833333333333
9290977,16.9523,57.2564,1995,11,20,30.0,1.2307692307692308,,25.076538461538462,35.818625,55.99473684210527,1.0676923076923077,11.943076923076923,0.15083583333333334,5.5307692307692315,8.084,2.4043595744680855,0.4666678571428572,2.2905,0.9671428571428572,1.7544708333333334,7.247833333333333
9290978,16.9853,57.2277,1995,11,20,30.0,0.0,,25.048538461538463,35.773250000000004,202.14999999999998,0.8092307692307692,8.400713846153845,0.37307692307692303,4.530769230769231,8.084,2.4043595744680855,0.4666678571428572,2.2905,0.9671428571428572,1.7544708333333334,7.247833333333333
9290979,16.9932,57.222,1995,11,20,154.16666666666666,0.1111111111111111,,19.593777777777778,35.803583333333336,59.85111111111111,1.7816666666666667,19.42943888888889,0.37307692307692303,17.977777777777778,8.084,2.4043595744680855,0.4666678571428572,2.2905,0.9671428571428572,1.7544708333333334,7.247833333333333
9290980,16.9985,57.2277,1995,11,20,30.0,0.0,,24.892,35.803583333333336,59.85111111111111,0.32,0.54,0.37307692307692303,2.3,8.084,2.4043595744680855,0.4666678571428572,2.2905,0.9671428571428572,1.7544708333333334,7.247833333333333
9290981,17.0038,57.2282,1995,11,20,80.55555555555556,0.0,,22.050416666666667,35.81370833333333,125.5375,1.4620833333333334,15.773333333333333,0.37307692307692303,11.35,8.084,2.4043595744680855,0.4666678571428572,2.2905,0.9671428571428572,1.7544708333333334,7.247833333333333
9290982,16.9922,57.2206,1995,11,20,30.0,0.0,,24.47223076923077,35.81370833333333,125.5375,,,0.37307692307692303,,8.084,2.4043595744680855,0.4666678571428572,2.2905,0.9671428571428572,1.7544708333333334,7.247833333333333
9290983,17.0219,57.2404,1995,11,20,30.0,0.0,,24.845307692307696,35.81370833333333,125.5375,,,0.37307692307692303,,8.084,2.4043595744680855,0.4666678571428572,2.2905,0.9671428571428572,1.7544708333333334,7.247833333333333
9290984,17.7922,58.6702,1995,11,21,35.0,0.0,,25.921333333333333,35.739000000000004,125.5375,0.41133333333333333,2.3579999999999997,0.3098666666666666,3.3333333333333335,8.084,2.4043595744680855,0.4666678571428572,2.2905,0.9671428571428572,1.7544708333333334,7.247833333333333
9290985,17.7926,58.668,1995,11,21,852.0,0.0,,9.366,35.30502380952381,45.42166666666667,2.5476190476190474,31.880000000000003,0.3098666666666666,76.74285714285713,8.084,2.4043595744680855,0.4666678571428572,2.2905,0.9671428571428572,1.7544708333333334,7.247833333333333
9290986,17.7933,58.6656,1995,11,21,68.0,0.0,,23.962374999999998,35.63079166666667,,0.7245833333333334,7.081224166666666,0.2544954166666667,6.4750000000000005,8.084,2.4043595744680855,0.4666678571428572,2.2905,0.9671428571428572,1.7544708333333334,7.247833333333333
9290987,17.7913,58.6644,1995,11,21,35.0,0.0,,26.1764,35.856,202.45,0.4,2.0361333333333334,0.3746,3.44,8.084,2.4043595744680855,0.4666678571428572,2.2905,0.9671428571428572,1.7544708333333334,7.247833333333333
9291145,17.6832,58.833,1995,12,22,80.55555555555556,0.0,,23.363703703703706,35.793703703703706,170.10909090909092,0.947,9.04962962962963,0.3746,9.092592592592593,7.999545454545455,2.4013,0.4666678571428572,2.0964272727272726,0.9671428571428572,1.7544708333333334,7.247833333333333
9291146,17.6834,58.8297,1995,12,22,15.0,0.0,,26.416199999999996,35.793703703703706,170.10909090909092,,,0.3746,,7.999545454545455,2.4013,0.4666678571428572,2.0964272727272726,0.9671428571428572,1.7544708333333334,7.247833333333333
9291147,17.6768,58.8216,1995,12,22,62.5,0.0,,24.141916666666663,35.793703703703706,170.10909090909092,0.7966666666666667,7.61075,0.3746,7.310833333333334,7.999545454545455,2.4013,0.4666678571428572,2.0964272727272726,0.9671428571428572,1.7544708333333334,7.247833333333333
9291148,17.6793,58.8265,1995,12,22,620.7692307692307,0.0,,10.756774193548386,35.363238095238096,25.747096774193547,2.581935483870968,31.082903225806454,0.3746,62.851612903225806,7.513,2.4113344827586207,0.4666678571428572,2.347144827586207,0.9671428571428572,1.7544708333333334,7.247833333333333
9291149,18.0846,58.0009,1995,12,23,852.0,0.0,,15.073785714285716,35.89376923076923,25.747096774193547,2.581935483870968,31.082903225806454,0.3746,62.851612903225806,7.513,2.4113344827586207,0.4666678571428572,2.347144827586207,0.9671428571428572,1.7544708333333334,7.247833333333333
9291150,18.0848,58.0003,1995,12,23,620.7692307692307,0.0,,10.2088,35.4351,21.968888888888888,2.618666666666667,31.935,0.3746,68.00333333333333,7.533458333333333,2.4246375,0.4666678571428572,2.3502466666666666,0.9671428571428572,1.7544708333333334,7.247833333333333
9291151,18.08,58.0,1995,12,23,62.5,0.0,,24.165666666666667,35.4351,21.968888888888888,0.8016666666666666,7.15575,0.3746,7.0874999999999995,7.533458333333333,2.4246375,0.4666678571428572,2.3502466666666666,0.9671428571428572,1.7544708333333334,7.247833333333333
9291152,18.0834,58.0026,1995,12,24,80.55555555555556,0.0,,23.199074074074073,35.836555555555556,171.17727272727274,0.8818518518518518,7.71962962962963,0.3746,8.88888888888889,7.9965909090909095,2.382359090909091,0.4666678571428572,2.095140909090909,0.9671428571428572,1.7544708333333334,7.247833333333333
9291153,18.1772,58.0744,1995,12,24,50.0,0.0,,25.46152380952381,35.836555555555556,171.17727272727274,0.4847619047619047,2.1380000000000003,0.3746,4.328571428571429,7.9965909090909095,2.382359090909091,0.4666678571428572,2.095140909090909,0.9671428571428572,1.7544708333333334,7.247833333333333
9291154,18.1976,58.0832,1995,12,24,68.0,0.0,,24.07736,35.836555555555556,171.17727272727274,0.7831999999999999,6.45436,0.3746,7.507999999999999,7.9965909090909095,2.382359090909091,0.4666678571428572,2.095140909090909,0.9671428571428572,1.7544708333333334,7.247833333333333
9291156,18.2905,58.1373,1995,12,24,50.0,0.0,,24.259333333333334,35.836555555555556,171.17727272727274,0.818,7.193933333333334,0.3746,7.566666666666666,7.9965909090909095,2.382359090909091,0.4666678571428572,2.095140909090909,0.9671428571428572,1.7544708333333334,7.247833333333333
9291155,18.2769,58.1333,1995,12,24,50.0,0.0,,24.967857142857145,35.836555555555556,171.17727272727274,0.6052380952380952,3.84047619047619,0.3746,5.757142857142857,7.9965909090909095,2.382359090909091,0.4666678571428572,2.095140909090909,0.9671428571428572,1.7544708333333334,7.247833333333333
9291157,18.3088,58.1408,1995,12,24,80.55555555555556,0.0,,23.5658,35.836555555555556,171.17727272727274,0.8540000000000001,7.42876,0.3746,8.332,7.9965909090909095,2.382359090909091,0.4666678571428572,2.095140909090909,0.9671428571428572,1.7544708333333334,7.247833333333333
9291158,18.3148,58.1497,1995,12,24,50.0,0.0,,24.87738095238095,35.836555555555556,171.17727272727274,0.39999999999999997,0.08285714285714287,0.3746,3.7285714285714286,7.9965909090909095,2.382359090909091,0.4666678571428572,2.095140909090909,0.9671428571428572,1.7544708333333334,7.247833333333333
9291159,18.3314,58.1537,1995,12,24,47.5,0.0,,24.87325,35.836555555555556,,0.7216666666666667,5.643,0.3746,6.6,7.9965909090909095,2.382359090909091,0.4666678571428572,2.095140909090909,0.9671428571428572,1.7544708333333334,7.247833333333333
9291160,18.3472,58.1618,1995,12,24,278.2608695652174,0.0,,9.841000000000001,35.836555555555556,6.473333333333334,0.7216666666666667,5.643,0.3746,6.6,7.9965909090909095,2.382359090909091,0.4666678571428572,2.095140909090909,0.9671428571428572,1.7544708333333334,7.247833333333333
9291161,18.3634,58.16,1995,12,24,50.0,0.0,,24.801333333333332,35.836555555555556,6.473333333333334,0.7160952380952381,5.475952380952381,0.3746,6.466666666666667,7.9965909090909095,2.382359090909091,0.4666678571428572,2.095140909090909,0.9671428571428572,1.7544708333333334,7.247833333333333
9291162,18.0835,58.0008,1995,12,24,852.0,0.0,,5.371913043478261,35.015086956521735,115.125,2.743913043478261,35.9804347826087,0.3746,117.58695652173913,8.075,2.464425,0.4666678571428572,2.32385,0.9671428571428572,1.7544708333333334,7.247833333333333
9291163,17.7729,57.7445,1995,12,25,411.1111111111111,0.0,,16.471307692307693,35.643181818181816,60.21272727272728,1.9012820512820514,22.003333333333334,0.3746,37.3025641025641,7.478428571428572,2.423157142857143,0.4666678571428572,2.354233333333333,0.9671428571428572,1.7544708333333334,7.247833333333333
9291164,18.1618,57.7813,1995,12,25,293.6170212765957,0.0,,13.670545454545454,35.66777272727273,,2.3268181818181817,27.16631818181818,0.3746,41.07727272727273,7.478428571428572,2.423157142857143,0.4666678571428572,2.354233333333333,0.9671428571428572,1.7544708333333334,7.247833333333333
9291165,18.2553,57.6328,1995,12,25,163.51351351351352,0.0,,20.145181818181815,35.79457575757576,6.510000000000001,1.4081818181818182,14.832363636363636,0.3746,17.142424242424244,7.926227272727274,2.3994,0.4666678571428572,2.1370454545454547,0.9671428571428572,1.7544708333333334,7.247833333333333
9291166,18.4996,57.3002,1995,12,26,37.5,0.0,,24.8860625,36.131099999999996,6.510000000000001,1.4081818181818182,14.832363636363636,0.3746,17.142424242424244,7.926227272727274,2.3994,0.4666678571428572,2.1370454545454547,0.9671428571428572,1.7544708333333334,7.247833333333333
9291167,18.4994,57.3022,1995,12,26,37.5,0.0,,24.679125,36.0648,145.042,0.9133333333333333,7.341399999999999,0.3746,8.76,7.926227272727274,2.3994,0.4666678571428572,2.1370454545454547,0.9671428571428572,1.7544708333333334,7.247833333333333
9291168,18.5012,57.2994,1995,12,26,37.5,0.0,,24.7818125,36.0648,145.042,0.8846666666666666,6.995333333333333,0.3746,9.18,7.926227272727274,2.3994,0.4666678571428572,2.1370454545454547,0.9671428571428572,1.7544708333333334,7.247833333333333
