CAST,Latitude,Longitude,Year,Month,Day,Avg_Depth,Avg_F,Avg_O,Avg_Temperatur,Avg_Salinity,Avg_Nitrate,Avg_Oxygen,Avg_Chlorophyl,Avg_Transmissi
8088529,13.01,58.635,1980,3,16,465.7894736842105,0.0,,16.254350877192984,35.72661403508772,,,,
7481672,12.01,58.67,1980,3,30,561.2903225806451,0.0,,15.292451612903225,35.558983870967744,,,,
8088566,12.0,57.993,1980,3,30,561.2903225806451,0.0,,15.048645161290322,35.60008064516129,,,,
7481670,11.01,58.663,1980,3,30,561.2903225806451,0.0,,15.002806451612903,35.49411290322581,,,,
8088800,12.355,58.518,1980,5,30,503.3898305084746,0.0,,16.29171186440678,35.677542372881355,,,,
8088801,12.333,58.027,1980,5,30,503.3898305084746,0.0,,16.379101694915253,35.67123728813559,,,,
8088802,11.693,57.968,1980,5,30,503.3898305084746,0.0,,16.647525423728812,35.70442372881356,,,,
8088803,11.668,58.518,1980,5,30,503.3898305084746,0.06779661016949153,,16.34772881355932,35.6891186440678,,,,
8088818,11.037,58.548,1980,6,1,503.3898305084746,0.0,,16.023627118644068,35.626000000000005,,,,
8088819,11.0,58.103,1980,6,1,484.48275862068965,0.0,,16.67544827586207,35.65901724137931,,,,
10960008,20.0933,58.618,1982,1,5,20.0,0.0,,24.574444444444445,36.25911111111111,,,,
10960009,20.1967,58.768,1982,1,15,68.0,0.48,,23.2912,36.23648,,,,
11734140,14.5,54.0,1989,7,6,163.51351351351352,0.0,,19.848891891891892,35.78340540540541,,,,
11734141,13.5,54.017,1989,7,7,163.51351351351352,0.0,,20.74,35.77832432432432,,,,
3383915,12.102,54.137,1989,10,28,127.27272727272727,1.0909090909090908,,21.803032258064516,35.67535483870967,,,,
3383916,12.133,54.218,1989,10,28,163.51351351351352,1.2972972972972974,,20.663285714285717,35.64917142857143,,,,
3383917,12.067,54.133,1989,10,28,184.6153846153846,1.3846153846153846,,20.094513513513512,35.63605405405406,,,,
3390626,13.283,54.0,1991,6,1,263.3333333333333,1.6,,20.611511111111113,35.91524444444444,,,,
3390628,13.083,54.0,1991,6,1,263.3333333333333,1.6,,20.399644444444444,35.836022222222226,,,,
3390632,12.823,54.0,1991,6,2,163.51351351351352,1.2972972972972974,,22.416648648648646,35.9668918918919,,,,
3390634,12.708,54.048,1991,6,2,10.0,0.0,,30.564600000000002,36.230399999999996,,,,
3390647,12.592,54.48,1991,6,3,10.0,0.0,,29.669400000000003,36.332,,,,
3390667,12.8,54.603,1991,6,4,278.2608695652174,1.6304347826086956,,19.680108695652173,35.7485,,,,
3390671,12.967,54.8,1991,6,4,184.6153846153846,1.3846153846153846,,21.470769230769232,35.92828205128205,,,,
3390674,13.167,55.0,1991,6,4,163.51351351351352,1.2972972972972974,,22.676270270270273,35.94381081081081,,,,
3390691,12.367,54.45,1991,6,5,15.0,0.0,,28.528142857142857,35.90014285714285,,,,
3390692,12.2,54.617,1991,6,5,278.2608695652174,1.6304347826086956,,18.36654347826087,35.616652173913046,,,,
3390696,12.01,54.803,1991,6,5,278.2608695652174,1.6304347826086956,,18.073260869565217,35.57702173913044,,,,
3390701,11.833,55.0,1991,6,5,278.2608695652174,1.6304347826086956,,18.424652173913042,35.60708695652174,,,,
3390714,11.717,54.0,1991,6,6,15.0,0.0,,28.52057142857143,36.007999999999996,,,,
3390716,11.968,54.0,1991,6,6,184.6153846153846,1.3846153846153846,,19.634435897435896,35.68371794871795,,,,
3390717,12.135,54.0,1991,6,6,30.0,0.0,,26.575384615384618,35.93884615384616,,,,
3390719,12.273,54.0,1991,6,6,7.5,0.0,,28.9555,36.1485,,,,
7728866,11.966,56.1283,1992,7,31,87.5,0.0,,21.093285714285713,35.63507142857143,,160.26678571428573,0.03062142857142857,
7728867,12.011,56.185,1992,7,31,640.9090909090909,0.0,,13.814424242424241,35.41293939393939,,93.2469696969697,0.015959848484848486,
7728868,12.065,56.3233,1992,8,1,94.82758620689656,0.0,,20.91093103448276,35.641241379310344,,152.3221724137931,0.020554482758620693,
7728928,14.48,55.485,1992,11,9,465.7894736842105,0.0,,15.112830188679245,35.59777358490566,,49.34335471698113,,
7728974,12.001,54.9983,1993,1,24,94.82758620689656,0.0,,23.024172413793103,36.01168965517241,,130.71434482758622,,
7728975,12.031,54.985,1993,1,24,661.1940298507462,0.0,,14.551074626865672,35.51102985074627,,78.50753731343283,,
7728976,12.03,54.8867,1993,1,24,94.82758620689656,0.0,,23.000551724137928,36.032310344827586,,128.1536551724138,,
7728977,12.036,54.8833,1993,1,25,221.42857142857142,0.0,,19.84919047619048,35.33452380952381,,96.3607619047619,,
8076724,12.1628,54.3332,1993,8,19,342.0,0.0,0.0,18.468304,35.663892000000004,,103.544,,
7540058,11.5908,54.602,1993,8,20,447.32142857142856,0.05357142857142857,0.0,17.363151785714287,35.63599821428571,,100.34642857142856,,
7540060,11.126,54.8592,1993,8,20,447.32142857142856,0.05357142857142857,0.0,17.255669642857143,35.60430357142857,,100.50714285714285,,
7540068,11.4895,56.511,1993,8,22,447.32142857142856,1.1785714285714286,0.0,17.694905357142858,35.58072678571428,,116.18035714285715,,
7540070,12.2383,56.5038,1993,8,22,447.32142857142856,0.9642857142857143,0.0,17.585146428571427,35.616666071428575,,107.4392857142857,,
7540072,12.9975,56.5013,1993,8,22,447.32142857142856,0.4642857142857143,0.0,16.414471428571428,35.564342857142854,,97.4875,,
7540074,13.7485,56.5015,1993,8,22,447.32142857142856,0.0,0.0,15.364842857142857,35.54251428571428,,85.90178571428571,,
7540075,14.752,56.5027,1993,8,23,447.32142857142856,1.5535714285714286,0.0,14.184485714285714,35.50620178571428,,67.30535714285715,,
7540077,15.7465,56.5002,1993,8,23,447.32142857142856,2.107142857142857,0.0,15.039498214285715,35.64908035714286,,49.658928571428575,,
7540079,16.4925,56.7748,1993,8,23,447.32142857142856,0.0,0.0,14.4302625,35.65390357142857,,40.30357142857143,,
7540081,17.0047,56.931,1993,8,23,447.32142857142856,0.08928571428571429,0.0,14.147780357142858,35.61410892857143,,39.33571428571429,,
7540082,17.2663,57.0517,1993,8,23,465.7894736842105,0.0,0.0,15.124877192982456,35.76484385964912,,43.349122807017544,,
7540083,17.4302,57.1035,1993,8,24,484.48275862068965,0.0,0.0,15.15933103448276,35.781717241379305,,47.63448275862069,,
7540084,17.5835,57.1563,1993,8,24,173.68421052631578,0.5263157894736842,0.0,18.76798947368421,36.001428947368424,,78.26842105263158,,
7540085,17.58,57.4507,1993,8,24,263.3333333333333,0.0,0.0,17.894595555555554,35.970933333333335,,64.90644444444445,,
7540087,17.5802,57.7497,1993,8,24,278.2608695652174,0.0,0.0,17.63607391304348,35.92554347826087,,65.86521739130436,,
7540088,17.8635,57.9208,1993,8,24,278.2608695652174,0.0,0.0,17.998091304347827,35.96061956521739,,68.8,,
7540089,18.0818,58.151,1993,8,24,278.2608695652174,0.0,0.0,18.348247826086958,35.96672608695652,,73.52608695652174,,
7540091,18.4168,58.2495,1993,8,24,934.6153846153846,0.0,0.0,12.742497435897436,35.56896282051282,,72.24615384615385,,
7540092,18.5868,58.184,1993,8,24,906.4935064935065,0.0,0.0,12.76245974025974,35.572945454545454,,68.31428571428572,,
7540093,18.7343,58.106,1993,8,24,775.0,0.0,0.0,13.096663888888889,35.57791111111111,,60.94444444444444,,
7540094,18.8548,58.041,1993,8,25,248.86363636363637,0.0,0.0,17.457781818181818,35.88035,,52.40681818181818,,
7540095,18.9265,57.997,1993,8,25,68.0,0.0,0.0,19.93956,35.92738,,68.628,,
7729067,19.5379,58.824,1994,8,7,852.0,0.0,,12.34792,35.531773333333334,,68.628,0.52684,
7729068,19.6576,58.6353,1994,8,7,309.375,0.08333333333333333,,16.763020833333332,35.82452083333333,,68.628,0.9482083333333334,
7729069,19.7808,58.4278,1994,8,7,40.0,0.0,,20.693117647058823,35.90129411764706,,68.628,1.1034705882352942,
7729070,19.502,58.2416,1994,8,7,50.0,0.0,,20.542714285714286,35.96361904761905,,68.628,0.5906666666666667,
7729071,19.202,58.0508,1994,8,8,35.0,0.0,,20.2162,35.84926666666667,,68.628,0.7018666666666667,
7729072,19.0891,58.2419,1994,8,8,263.3333333333333,0.0,,16.957955555555554,35.839200000000005,,68.628,0.39973333333333333,
7729073,18.9743,58.4312,1994,8,8,934.6153846153846,0.0,,11.374289473684211,35.47061842105263,,68.628,0.25685526315789475,
7729074,18.8609,58.6145,1994,8,8,963.2911392405064,0.0,,11.547784810126583,35.47282278481013,,68.628,0.35883544303797466,
7729075,18.7422,58.813,1994,8,8,934.6153846153846,0.0,,11.669961538461537,35.473615384615385,,68.628,0.3047435897435897,
7729077,19.616,58.5162,1994,8,10,154.16666666666666,0.0,,18.54711111111111,35.93072222222222,,68.628,0.3806111111111111,
7729080,19.0594,58.2031,1994,8,18,163.51351351351352,0.0,,17.89283783783784,35.88083783783784,,68.628,0.6065405405405405,
7729081,18.9905,58.9941,1994,8,21,992.5,0.0,,11.5739625,35.43865,,68.628,0.2587675,
7928640,23.8124,58.7566,1994,8,27,136.02941176470588,0.0,,20.708,36.29644117647059,,46.17941176470588,0.3629166666666667,
7729087,24.8259,57.2213,1994,8,29,50.0,0.0,,25.336142857142857,36.76609523809524,,140.54761904761904,0.3728571428571429,
7729088,24.8214,57.2203,1994,8,29,25.0,0.0,,27.527363636363635,36.89545454545455,,160.57272727272726,0.3381818181818182,
7729089,24.8271,57.2157,1994,8,29,358.8235294117647,0.0,,18.33154901960784,36.26337254901961,,66.48823529411764,0.33749999999999997,
7729090,24.8469,57.2141,1994,8,29,57.608695652173914,0.0,,24.94721739130435,36.73391304347826,,131.97826086956522,0.3204347826086957,
7729091,24.8641,57.2126,1994,8,29,53.40909090909091,0.0,,25.237181818181817,36.739909090909094,,132.21363636363637,0.33136363636363636,
7729092,24.8853,57.2207,1994,8,29,50.0,0.0,,25.528190476190474,36.75833333333333,,145.85714285714286,0.32904761904761903,
7729093,25.98,56.6123,1994,8,29,22.5,0.0,,29.022,37.5912,,160.10999999999999,0.326,
7729095,25.9821,56.6294,1994,8,30,10.0,0.0,,30.7212,37.5894,,183.94,0.27,
7729094,25.9793,56.6213,1994,8,30,25.0,0.0,,29.271,37.794636363636364,,156.12727272727273,0.30272727272727273,
7729099,24.3293,58.1756,1994,8,31,852.0,0.0,,13.681880000000001,35.930346666666665,,62.382666666666665,0.26625,
7729112,18.9989,58.9982,1994,9,4,47.5,0.0,,22.3465,35.9336,,135.4655,0.3935,
7729113,18.9992,58.996,1994,9,4,37.5,0.0,,23.130875,35.993,,149.99375,0.410625,
7729114,18.9803,58.9913,1994,9,4,47.5,0.0,,22.409200000000002,35.98455,,126.4625,0.4095,
7729115,18.9746,58.9845,1994,9,4,87.5,0.0,,20.558285714285713,35.9555,,86.15357142857144,0.35375,
7729118,19.0056,58.9913,1994,9,4,30.0,0.0,,23.81476923076923,36.06207692307692,,156.65384615384616,0.30615384615384617,
7729117,19.0036,58.9899,1994,9,4,17.5,0.0,,25.188125,36.21475,,188.78,0.36,
7729119,19.0002,58.9875,1994,9,5,17.5,0.0,,25.2065,36.222875,,193.5875,0.34875,
7729120,18.9668,58.9805,1994,9,5,992.5,0.0,,11.570887500000001,35.4583375,,59.15625,0.23083333333333333,
7729121,18.9487,58.987,1994,9,5,53.40909090909091,0.0,,22.072,35.95372727272727,,98.67272727272729,0.2831818181818182,
7729122,18.9413,58.9314,1994,9,6,25.0,0.0,,25.151,36.276300000000006,,183.5125,0.35454545454545455,
7729123,18.9392,58.9286,1994,9,6,20.0,0.0,,25.51175,36.343,,186.74444444444444,0.2733333333333333,
7729124,18.9289,58.9393,1994,9,6,68.0,0.0,,21.40096,35.93928,,94.536,0.27166666666666667,
7729125,18.917,58.9257,1994,9,6,50.0,0.0,,21.924333333333333,35.93380952380952,,99.69047619047619,0.22666666666666666,
7729126,18.9306,58.955,1994,9,6,154.16666666666666,0.0,,19.281388888888888,35.942388888888885,,70.23055555555555,0.2275,
7729127,18.8569,58.896,1994,9,7,30.0,0.0,,23.910153846153847,36.13592307692308,,158.89999999999998,0.35076923076923083,
7729128,18.8526,58.8938,1994,9,7,17.5,0.0,,25.613875,36.35,,200.11249999999998,0.37875000000000003,
7729129,18.8498,58.8941,1994,9,7,35.0,0.0,,23.487133333333336,36.0948,,136.69333333333333,0.3413333333333333,
7729130,18.8478,58.8869,1994,9,7,25.0,0.0,,24.9012,36.242599999999996,,187.19,0.36363636363636365,
7729131,18.843,58.8833,1994,9,7,465.7894736842105,0.0,,15.240526315789474,35.72784210526316,,46.703508771929826,0.31375000000000003,
7729132,18.8401,58.8774,1994,9,7,87.5,0.0,,20.987392857142854,35.98367857142857,,85.18214285714285,0.33,
7729133,18.8091,58.8739,1994,9,7,35.0,0.0,,23.488999999999997,36.09066666666667,,135.05333333333334,0.3686666666666667,
7729134,19.0027,58.9994,1994,9,8,154.16666666666666,0.0,,19.212694444444445,35.959,,68.71388888888889,0.31125,
7729135,19.2466,58.5873,1994,9,8,163.51351351351352,0.0,,19.510567567567566,36.05583783783784,,61.940540540540546,0.36250000000000004,
7729136,19.2441,58.5909,1994,9,8,50.0,0.0,,22.713047619047618,36.175380952380955,,88.65714285714286,0.3685714285714286,
7729137,19.2364,58.5912,1994,9,8,750.7042253521126,0.0,,13.10387323943662,35.622140845070426,,50.10042253521127,0.35041666666666665,
7729138,19.2738,58.5339,1994,9,9,30.0,0.0,,24.464307692307692,36.28184615384615,,155.8,0.38461538461538464,
7729139,19.2761,58.5344,1994,9,9,15.0,0.0,,25.684,36.3125,,207.64285714285714,0.44,
7729140,19.2753,58.5331,1994,9,9,342.0,0.0,,16.796879999999998,35.93418,,38.328,0.29458333333333336,
7729141,19.3891,58.3409,1994,9,9,30.0,0.0,,23.898307692307693,36.191153846153846,,143.12461538461537,0.5284615384615384,
7729142,19.3889,58.3391,1994,9,9,145.0,0.0,,19.903685714285714,36.090828571428574,,65.58857142857143,0.42,
7729143,19.4554,58.2439,1994,9,9,57.608695652173914,0.0,,21.48595652173913,36.070521739130434,,64.96521739130435,0.3856521739130435,
7729144,19.4575,58.2407,1994,9,9,53.40909090909091,0.0,,21.767181818181818,36.08940909090909,,70.61363636363636,0.3890909090909091,
7729145,19.5155,58.1579,1994,9,9,20.0,0.0,,22.480777777777778,36.02811111111111,,100.61111111111111,0.5933333333333333,
7729146,19.5081,58.1525,1994,9,10,20.0,0.0,,22.460666666666665,36.016333333333336,,117.41111111111111,0.5966666666666667,
7729147,19.5056,58.1532,1994,9,10,15.0,0.0,,22.602428571428568,36.046,,109.57142857142857,0.5957142857142858,
7729148,19.5084,58.1555,1994,9,10,20.0,0.0,,22.118000000000002,36.02222222222222,,88.84444444444445,0.5422222222222222,
7729255,18.9946,58.9991,1994,9,29,57.608695652173914,0.0,,22.004043478260872,36.19934782608696,,66.8,0.5128571428571428,
7729256,18.9921,58.9988,1994,9,29,10.0,0.0,,26.517200000000003,36.4606,,202.78,0.702,
7729257,18.9879,58.9991,1994,9,30,2.5,0.0,,26.628999999999998,36.4645,,192.35000000000002,0.735,
7729290,19.0007,58.8183,1994,10,11,992.5,0.0,,11.790099999999999,35.529624999999996,,61.421749999999996,0.735,
7729291,19.0427,58.7466,1994,10,12,963.2911392405064,0.0,,11.942126582278481,35.555050632911396,,54.64083544303798,0.735,
7729292,19.1204,58.6817,1994,10,12,934.6153846153846,0.0,,8.778131147540984,35.3627868852459,,38.73454098360656,0.735,
7729293,19.1541,58.6152,1994,10,12,906.4935064935065,0.0,,12.054558441558441,35.56653246753247,,48.6251948051948,0.735,
7729294,19.1959,58.527,1994,10,12,50.0,0.0,,22.94195238095238,36.23990476190476,,82.42809523809524,0.735,
7729295,19.2139,58.4395,1994,10,12,325.51020408163265,0.0,,17.39838775510204,36.04838775510204,,41.58510204081633,0.735,
7729296,19.2545,58.3626,1994,10,12,208.53658536585365,0.0,,19.282365853658536,36.19158536585366,,55.79439024390244,0.735,
7729297,19.2909,58.2846,1994,10,13,263.3333333333333,0.0,,18.464822222222224,36.12782222222222,,49.85466666666667,0.735,
7729298,19.3584,58.2132,1994,10,13,53.40909090909091,0.0,,23.807454545454547,36.39545454545455,,99.4890909090909,0.735,
7729299,19.3874,58.1355,1994,10,13,35.0,0.0,,24.23506666666667,36.236999999999995,,111.27133333333333,0.735,
7729300,19.3178,58.2611,1994,10,13,173.68421052631578,0.0,,19.94371052631579,36.21678947368421,,58.23842105263158,0.735,
7729301,19.3143,58.2548,1994,10,14,196.25,0.0,,19.57715,36.203975,,55.4245,0.735,
7729302,19.3665,58.2583,1994,10,23,118.75,0.0,,20.51646875,36.1783125,,45.7084375,0.735,
7729303,19.373,58.1914,1994,10,27,50.0,0.0,,22.639238095238095,36.289952380952386,,67.6452380952381,0.735,
7729304,19.2378,58.3816,1994,10,27,234.88372093023256,0.3953488372093023,,18.64172093023256,36.09146511627907,,45.65255813953488,0.735,
7729305,19.2309,58.3784,1994,10,29,234.88372093023256,0.20930232558139536,,18.904999999999998,36.15776923076923,,55.700930232558136,0.735,
7729306,19.2794,58.5026,1994,10,29,278.2608695652174,0.10869565217391304,,17.87591304347826,35.99367391304348,,38.58563043478261,0.735,
7729307,19.2789,58.4956,1994,11,2,278.2608695652174,0.0,,17.771521739130435,36.00295652173913,,36.02434782608695,0.735,
7729308,19.2264,58.5174,1994,11,3,375.96153846153845,0.0,,16.57744230769231,35.92469230769231,,35.29,0.735,
7729309,19.2336,58.5223,1994,11,7,375.96153846153845,0.0,,16.666576923076924,35.91588461538461,,36.98365384615385,0.735,
7729310,23.7284,58.5201,1994,11,16,32.5,0.0,,25.698857142857143,36.82035714285714,,113.36428571428571,0.2642857142857143,
7729311,24.8193,57.216,1994,11,17,50.0,0.0,,25.18642857142857,36.545857142857145,,111.24761904761904,0.19476190476190475,
7729312,24.821,57.2113,1994,11,17,62.5,0.0,,24.606958333333335,36.487500000000004,,99.22083333333335,0.17125,
7729313,24.8266,57.2089,1994,11,17,342.0,0.0,,19.12086,36.30668,,56.06,0.19666666666666666,
7729314,25.0544,57.0824,1994,11,17,62.5,0.0,,24.01370833333333,36.400375000000004,,79.47083333333333,0.20875,
7729315,25.9965,56.5834,1994,11,17,32.5,0.0,,26.85364285714286,37.050285714285714,,148.54999999999998,0.2935714285714286,
7729316,25.2528,57.0039,1994,11,18,47.5,0.0,,25.15685,36.49095,,110.54,0.1895,
7729317,24.6027,57.6427,1994,11,18,62.5,0.0,,24.62216666666667,36.47783333333333,,117.45,0.21958333333333335,
7729318,24.3346,58.1724,1994,11,18,62.5,0.0,,23.888458333333332,36.47354166666667,,85.79583333333333,0.21041666666666667,
7729319,24.3388,58.1808,1994,11,18,852.0,0.0,,13.071178082191782,35.76677333333333,,51.2368,0.18719999999999998,
7729320,23.9964,59.0,1994,11,19,50.0,0.0,,23.579714285714285,36.511428571428574,,79.57619047619048,0.2661904761904762,
7729333,19.001,58.9971,1994,11,21,68.0,0.0,,23.18144,35.98552,,113.17200000000001,0.2629166666666667,
7729334,18.9923,58.861,1994,11,22,50.0,0.0,,24.438190476190478,36.05528571428571,,133.65714285714287,0.24285714285714283,
7729335,18.997,58.855,1994,11,22,7.5,0.0,,27.41875,36.32725,,198.5,0.29,
7729336,18.9976,58.8429,1994,11,22,68.0,0.0,,23.139879999999998,36.01252,,111.36,0.20125,
7729337,19.0151,58.7125,1994,11,22,68.0,0.0,,23.925320000000003,36.05948,,133.572,0.21958333333333335,
7729338,19.0199,58.7024,1994,11,22,154.16666666666666,0.0,,20.80708333333333,35.96941666666666,,87.66666666666667,0.22458333333333333,
7729339,19.0089,58.6855,1994,11,22,25.0,0.0,,27.133363636363637,36.31263636363636,,194.86363636363637,0.32,
7729340,18.9796,58.5679,1994,11,23,50.0,0.0,,24.786857142857144,36.06014285714286,,144.14285714285714,0.2123809523809524,
7729341,18.977,58.5307,1994,11,23,934.6153846153846,0.0,,12.590769230769231,35.50424358974359,,66.69448717948718,0.1477027027027027,
7729342,18.9771,58.467,1994,11,23,68.0,0.0,,23.93728,36.06464,,130.344,0.24625,
7729343,18.9852,58.4444,1994,11,23,37.5,0.0,,25.979875,36.1493125,,186.46875,0.3025,
7729344,18.9257,58.272,1994,11,24,50.0,0.0,,24.911238095238094,36.104952380952376,,148.4,0.2138095238095238,
7729345,18.932,58.2739,1994,11,24,10.0,0.0,,27.244400000000002,36.286199999999994,,198.3,0.236,
7729346,18.9061,58.238,1994,11,24,704.3478260869565,0.0,,14.209130434782608,35.61997101449275,,64.1,0.17788888888888887,
7729347,18.904,58.1926,1994,11,24,68.0,0.0,,23.92712,36.0602,,131.116,0.17625000000000002,
7729348,18.9052,58.1477,1994,11,24,68.0,0.0,,24.144560000000002,36.09736,,124.89200000000001,0.19416666666666668,
7729349,19.2543,58.5903,1994,11,25,68.0,0.0,,24.00784,36.04112,,136.916,0.24791666666666667,
7729350,19.2511,58.5885,1994,11,25,750.7042253521126,0.0,,13.869704225352113,35.58056338028169,,64.75225352112676,0.22666666666666668,
7729353,19.2789,58.5293,1994,11,26,309.375,0.0,,18.2625,35.88410416666667,,64.70625,0.2604166666666667,
7729354,19.3885,58.3397,1994,11,27,47.5,0.0,,24.627850000000002,36.28245,,121.3,0.185,
7729355,19.3883,58.3445,1994,11,27,145.0,0.0,,21.200542857142857,36.12662857142857,,75.55142857142857,0.17666666666666667,
7729356,19.4528,58.2482,1994,11,27,57.608695652173914,0.0,,24.024826086956523,36.47239130434782,,87.54782608695653,0.22869565217391302,
7729357,19.4531,58.238,1994,11,27,35.0,0.0,,25.53666666666667,36.5506,,125.74666666666667,0.26799999999999996,
7729358,19.4482,58.2443,1994,11,27,68.0,0.0,,23.67172,36.44364,,88.7,0.25875,
7729359,19.502,58.1513,1994,11,27,20.0,0.0,,26.381666666666668,36.54,,152.15555555555557,0.31222222222222223,
7729360,19.5064,58.1507,1994,11,28,15.0,0.0,,27.087857142857143,36.51342857142857,,185.27142857142857,0.2342857142857143,
7729494,17.683,58.835,1995,1,28,80.55555555555556,0.0,,22.766629629629627,36.30859259259259,,185.27142857142857,2.1163023076923078,
7729495,17.683,58.835,1995,1,29,661.1940298507462,0.0,,14.365835820895521,35.729268656716414,,185.27142857142857,0.5940607692307692,
7729496,18.0823,58.0005,1995,1,29,80.55555555555556,0.0,,22.441000000000003,36.31192592592593,,185.27142857142857,1.2095774074074073,
7729497,18.075,58.01,1995,1,30,661.1940298507462,0.0,,14.32665671641791,35.765940298507466,,185.27142857142857,0.48112,
7729498,18.083,58.0,1995,1,30,825.6756756756756,0.0,,13.320783783783785,35.692945945945944,,185.27142857142857,0.5115956944444444,
7729499,18.0838,58.0,1995,1,31,80.55555555555556,0.0,,22.54125925925926,36.35962962962963,,185.27142857142857,1.154635925925926,
7729500,18.083,58.0,1995,1,31,825.6756756756756,0.0,,13.291337837837837,35.69618918918919,,185.27142857142857,0.5000687500000001,
7729501,18.45,57.3,1995,1,31,40.0,0.0,,24.415,36.5315294117647,,185.27142857142857,3.6422870588235297,
7729502,18.45,57.3,1995,1,31,40.0,0.0,,24.558470588235295,36.55635294117647,,185.27142857142857,3.913328125,
7729503,19.002,59.0,1995,2,1,878.9473684210526,0.0,,12.589434210526315,35.6555,,185.27142857142857,0.8216352702702703,
7729525,15.0,54.4466,1995,3,8,800.0,0.0,,12.661972602739725,35.54239726027397,,0.44356164383561647,0.028017808219178084,
7729526,15.021,55.449,1995,3,9,94.82758620689656,0.0,,20.975517241379308,36.03831034482759,,0.44862068965517243,0.04155172413793104,
7729527,15.833,56.9941,1995,3,10,878.9473684210526,0.0,,13.497,35.51943421052631,,0.48223684210526313,0.046463157894736845,
7729528,15.825,56.9933,1995,3,10,87.5,0.0,,23.454535714285715,36.00485714285714,,0.5546428571428571,0.07806428571428571,
7729541,17.751,58.15,1995,3,16,221.42857142857142,0.0,,19.489261904761904,36.02797619047619,,0.40095238095238095,0.07085714285714285,
7729548,16.531,55.3316,1995,3,18,775.0,0.0,,14.12975,35.495916666666666,,0.4080555555555556,0.02235138888888889,
7729615,17.687,58.83,1995,4,5,80.55555555555556,0.0,,23.058777777777777,36.21603703703703,,0.4080555555555556,0.6259655555555556,
7729616,17.727,58.802,1995,4,5,661.1940298507462,0.0,,14.582507462686568,35.71086567164179,,0.4080555555555556,0.45765716417910446,
7729617,18.0842,58.0017,1995,4,5,80.55555555555556,0.0,,23.304074074074077,36.25496296296296,,0.4080555555555556,0.7187985185185185,
7729618,18.09,58.042,1995,4,5,852.0,0.0,,13.442173333333333,35.64069333333334,,0.4080555555555556,0.4599285333333333,
7729619,18.083,58.007,1995,4,6,640.9090909090909,0.0,,14.975166666666667,35.74813636363636,,0.4080555555555556,0.5424959090909091,
7729620,18.123,57.987,1995,4,6,80.55555555555556,0.0,,23.670555555555556,36.251407407407406,,0.4080555555555556,0.6568718518518518,
11280541,12.725,58.8425,1995,4,6,1310.0,0.0,0.0,11.632935555555557,35.421691111111116,,102.55111111111111,0.6568718518518518,
7729621,18.0832,57.9877,1995,4,7,80.55555555555556,0.0,,23.648111111111113,36.23111111111111,,102.55111111111111,0.6756037037037037,
7729622,18.082,57.9868,1995,4,7,263.3333333333333,0.0,,18.923333333333332,36.01446666666667,,102.55111111111111,0.6116242222222222,
11280542,12.8845,58.5505,1995,4,7,1343.956043956044,0.0,0.0,11.505407692307692,35.41614945054945,,101.76813186813186,0.6116242222222222,
7729623,18.078,58.003,1995,4,7,640.9090909090909,0.0,,14.849787878787879,35.73551515151515,,101.76813186813186,0.4924540909090909,
11280543,12.9417,58.443,1995,4,7,1310.0,0.0,0.0,11.748853333333333,35.43320222222222,,104.56444444444443,0.4924540909090909,
7729624,18.448,57.302,1995,4,7,40.0,0.0,,24.947588235294116,36.35811764705882,,104.56444444444443,1.0008888235294118,
11280544,12.7142,58.1988,1995,4,7,1412.9032258064517,0.0,0.0,11.36766559139785,35.406529032258064,,102.58709677419355,1.0008888235294118,
11280585,24.1793,58.6307,1995,4,24,963.2911392405064,0.0759493670886076,0.0,12.992630379746835,35.768764556962026,,76.35822784810127,1.0008888235294118,
11280586,24.4288,58.084,1995,4,24,342.0,0.66,0.0,18.12423,36.262176,,82.958,1.0008888235294118,
11280587,24.67,57.5773,1995,4,25,561.2903225806451,0.0,0.0,15.795693548387096,36.02801451612903,,69.4,1.0008888235294118,
11280588,24.5447,57.4902,1995,4,25,447.32142857142856,0.0,0.0,16.9390125,36.150285714285715,,72.94821428571429,1.0008888235294118,
11280589,24.4257,57.3993,1995,4,25,221.42857142857142,0.0,0.0,19.798876190476193,36.40709285714286,,83.78571428571429,1.0008888235294118,
11280590,24.3493,57.3442,1995,4,25,184.6153846153846,0.28205128205128205,0.0,20.74918205128205,36.52567692307692,,100.17948717948718,1.0008888235294118,
11280591,24.2827,57.2885,1995,4,25,127.27272727272727,0.9090909090909091,0.0,22.812209090909093,36.87155151515151,,125.36969696969696,1.0008888235294118,
11280592,24.2168,57.2273,1995,4,25,94.82758620689656,1.1379310344827587,0.0,23.649541379310342,36.88658620689655,,136.17241379310346,1.0008888235294118,
7548321,15.3015,56.5193,1995,6,2,293.6170212765957,0.1276595744680851,0.0,18.20018085106383,35.86995106382979,,69.21914893617021,1.0008888235294118,
7729796,17.678,58.8467,1995,8,2,661.1940298507462,0.0,,14.693238805970148,35.62383582089552,,69.21914893617021,0.12096582089552237,
7729800,18.083,58.0,1995,8,2,640.9090909090909,0.0,,14.012742424242424,35.55448484848485,,69.21914893617021,0.16423333333333331,
7729804,18.5,57.2983,1995,8,3,42.5,0.0,,19.916666666666668,35.68311111111112,,69.21914893617021,0.4767222222222222,
7729812,18.5,57.3,1995,8,4,40.0,0.0,,19.75964705882353,35.69517647058824,,69.21914893617021,0.4576470588235294,
7729813,18.506,57.315,1995,8,4,40.0,0.0,,19.601411764705883,35.70323529411765,,69.21914893617021,0.45764705882352935,
7729815,18.568,57.39,1995,8,4,40.0,0.0,,20.06529411764706,35.69605882352941,,69.21914893617021,0.5261176470588236,
7729817,18.58,57.1667,1995,8,4,27.5,0.0,,19.163999999999998,35.68158333333333,,69.21914893617021,0.6537499999999999,
7729819,18.641,57.545,1995,8,5,40.0,0.0,,19.838294117647056,35.690823529411766,,69.21914893617021,0.4949411764705882,
7729821,18.375,57.5283,1995,8,5,62.5,0.0,,19.984583333333333,35.70191666666667,,69.21914893617021,0.3647916666666667,
7729823,18.248,57.7583,1995,8,5,234.88372093023256,0.0,,17.14020930232558,35.73051162790698,,69.21914893617021,0.23663953488372091,
7729825,18.093,58.0183,1995,8,5,68.0,0.0,,22.174,35.85788,,69.21914893617021,0.601032,
7729828,18.105,58.035,1995,8,5,661.1940298507462,0.0,,13.923671641791044,35.58159701492537,,69.21914893617021,0.24252089552238804,
7729831,18.171,58.1083,1995,8,6,68.0,0.0,,21.69464,35.84984,,69.21914893617021,0.435708,
7729832,18.18,58.1267,1995,8,6,68.0,0.0,,21.84528,35.862359999999995,,69.21914893617021,0.443476,
7729834,18.19,58.1433,1995,8,6,934.6153846153846,0.0,,12.182269230769231,35.47107692307692,,69.21914893617021,,
7729838,18.24,58.2517,1995,8,6,68.0,0.0,,21.649,35.87348,,69.21914893617021,0.505564,
7729840,17.683,58.8433,1995,8,6,68.0,0.0,,24.16968,35.99948,,69.21914893617021,0.336556,
7729842,17.683,58.86,1995,8,7,68.0,0.0,,24.23944,35.9898,,69.21914893617021,0.350948,
7729844,17.686,58.8683,1995,8,7,68.0,0.0,,24.23356,35.9876,,69.21914893617021,0.341256,
7729846,17.686,58.8767,1995,8,7,640.9090909090909,0.0,,14.910315151515153,35.62598484848485,,69.21914893617021,0.15277272727272728,
7729850,17.686,58.9067,1995,8,7,68.0,0.0,,24.01808,35.99472,,69.21914893617021,0.32812800000000003,
7729864,17.682,58.835,1995,8,8,74.03846153846153,0.0,,23.153375,35.90079166666667,,69.21914893617021,0.8577083333333334,
7729865,17.675,58.857,1995,8,9,50.0,0.0,,24.73947619047619,35.936571428571426,,69.21914893617021,1.1635714285714285,
7729866,17.662,58.872,1995,8,9,50.0,0.0,,25.001952380952382,35.96704761904762,,69.21914893617021,1.090095238095238,
7729867,17.65,58.885,1995,8,9,661.1940298507462,0.0,,14.202153846153847,35.57229230769231,,69.21914893617021,0.5004923076923078,
7729868,18.133,58.005,1995,8,9,80.55555555555556,0.0,,20.07637037037037,35.70933333333333,,69.21914893617021,1.4501851851851852,
7729869,18.123,58.018,1995,8,9,825.6756756756756,0.0,,12.348189189189188,35.444067567567565,,69.21914893617021,0.7502027027027027,
7729870,18.133,58.007,1995,8,9,47.5,0.0,,21.60105,35.68425,,69.21914893617021,1.153,
7729871,18.132,57.998,1995,8,9,47.5,0.0,,21.70555,35.69235,,69.21914893617021,1.137,
7729875,18.235,58.103,1995,8,10,47.5,0.0,,21.6282,35.69145,,69.21914893617021,0.9994999999999999,
7729876,18.257,58.1408,1995,8,10,80.55555555555556,0.0,,20.526296296296298,35.72688888888889,,69.21914893617021,0.9079259259259259,
7729878,18.133,57.995,1995,8,10,50.0,0.0,,21.715666666666667,35.76904761904762,,69.21914893617021,1.214652380952381,
7729879,18.152,58.007,1995,8,11,50.0,0.0,,21.422047619047618,35.764714285714284,,69.21914893617021,0.8981904761904761,
7729881,18.162,58.01,1995,8,11,661.1940298507462,0.0,,13.380477611940298,35.531014925373135,,69.21914893617021,0.47549253731343283,
7548522,19.088,58.788,1995,8,11,963.2911392405064,0.0,0.0,11.400464556962026,35.40069620253165,,65.91265822784811,0.47549253731343283,0.4159090909090909
7548523,19.253,58.56,1995,8,11,661.1940298507462,0.0,0.0,13.195232835820896,35.548325373134325,,49.35373134328358,0.47549253731343283,0.4086
7548524,19.417,58.332,1995,8,11,208.53658536585365,0.0,0.0,17.15641463414634,35.7695,,48.107317073170734,0.47549253731343283,0.46153846153846156
7729884,18.5,57.3,1995,8,11,40.0,0.0,,19.152823529411766,35.69282352941177,,48.107317073170734,1.6912941176470588,0.46153846153846156
7729885,18.497,57.3,1995,8,11,40.0,0.0,,19.33135294117647,35.68570588235294,,48.107317073170734,1.9786470588235294,0.46153846153846156
7729886,18.502,57.3,1995,8,11,40.0,0.0,,19.30235294117647,35.687588235294115,,48.107317073170734,1.999705882352941,0.46153846153846156
7729887,18.532,57.338,1995,8,12,40.0,0.0,,19.609764705882352,35.67929411764706,,48.107317073170734,1.7496470588235293,0.46153846153846156
7729888,18.545,57.335,1995,8,12,40.0,0.0,,19.54229411764706,35.68276470588235,,48.107317073170734,1.9925882352941178,0.46153846153846156
7729889,18.65,57.752,1995,8,12,80.55555555555556,0.14814814814814814,,19.204740740740743,35.723,,48.107317073170734,1.270962962962963,0.46153846153846156
7729890,18.767,58.168,1995,8,12,74.03846153846153,0.15384615384615385,,19.75788461538462,35.72830769230769,,48.107317073170734,1.7522692307692307,0.46153846153846156
7729891,18.885,58.583,1995,8,12,74.03846153846153,0.0,,20.399423076923078,35.76419230769231,,48.107317073170734,1.2040384615384616,0.46153846153846156
10851414,20.0522,58.9997,1995,8,18,775.0,0.0,0.0,12.975008333333333,35.50863888888889,,56.00833333333333,1.2040384615384616,0.46153846153846156
10851415,17.6647,56.9025,1995,8,19,94.82758620689656,0.0,0.0,17.758593103448273,35.67023103448276,,79.89310344827587,1.2040384615384616,0.46153846153846156
10851416,17.5427,56.9338,1995,8,19,342.0,0.0,0.0,15.178124,35.636948000000004,,57.623999999999995,1.2040384615384616,0.46153846153846156
10851417,17.3333,57.0168,1995,8,19,704.3478260869565,0.0,0.0,12.725918840579709,35.49801014492754,,42.41304347826087,1.2040384615384616,0.46153846153846156
10851418,17.1017,57.0983,1995,8,19,1114.2857142857142,0.20238095238095238,0.0,10.554870238095239,35.34330714285714,,58.403571428571425,1.2040384615384616,0.46153846153846156
10851419,16.4502,57.3683,1995,8,20,1210.344827586207,0.6666666666666666,0.0,10.619686206896551,35.321395402298855,,71.33793103448275,1.2040384615384616,0.46153846153846156
10851420,15.8033,57.6367,1995,8,20,661.1940298507462,2.0,0.0,13.672019402985075,35.50325671641791,,62.002985074626864,1.2040384615384616,0.46153846153846156
10851421,15.1345,57.9015,1995,8,20,661.1940298507462,3.7611940298507465,0.0,14.541786567164179,35.53231343283582,,82.01492537313433,1.2040384615384616,0.46153846153846156
10851422,14.3978,58.0803,1995,8,20,661.1940298507462,0.0,0.0,14.69523432835821,35.565280597014926,,79.86567164179104,1.2040384615384616,0.46153846153846156
7548563,23.488,58.86,1995,8,21,184.6153846153846,0.0,0.0,19.834558974358977,36.40632307692308,,42.44871794871795,1.2040384615384616,0.3918648648648649
10851423,13.6667,58.2633,1995,8,21,661.1940298507462,1.044776119402985,0.0,14.097032835820896,35.53290447761194,,67.34179104477612,1.2040384615384616,0.3918648648648649
7548565,24.273,58.542,1995,8,21,963.2911392405064,0.0,0.0,12.658369620253165,35.66159493670886,,55.75189873417721,1.2040384615384616,0.398025974025974
10851424,12.905,58.4572,1995,8,21,1343.956043956044,0.0,0.0,11.174375824175824,35.322036263736265,,97.27582417582418,1.2040384615384616,0.398025974025974
7548566,24.498,57.993,1995,8,21,727.1428571428571,0.0,0.0,14.094277142857143,35.79655571428571,,44.81428571428572,1.2040384615384616,0.4007058823529412
10851425,12.8825,58.5472,1995,8,21,1343.956043956044,0.0,0.0,11.089758241758242,35.313527472527475,,98.93846153846154,1.2040384615384616,0.4007058823529412
7548567,24.727,57.448,1995,8,21,465.7894736842105,0.0,0.0,16.273308771929827,35.97948771929825,,36.46666666666667,1.2040384615384616,0.4032181818181818
10851426,12.7195,58.8505,1995,8,21,1310.0,0.0,0.0,11.203214444444445,35.33504444444444,,94.87444444444445,1.2040384615384616,0.4032181818181818
7548568,24.568,57.222,1995,8,21,208.53658536585365,0.0,0.0,19.62767073170732,36.33902439024391,,48.28292682926829,1.2040384615384616,0.3994615384615385
7548569,24.48,57.095,1995,8,22,110.48387096774194,0.0,0.0,22.470712903225806,36.83926129032258,,56.74516129032258,1.2040384615384616,0.40713793103448276
7548570,24.388,56.958,1995,8,22,42.5,0.0,0.0,24.391716666666667,36.52036666666666,,93.94444444444444,1.2040384615384616,0.43007142857142855
8078278,19.0833,58.8,1995,8,31,963.2911392405064,0.0,0.0,11.386854430379747,35.38703164556962,,50.61333333333334,1.2040384615384616,0.43007142857142855
8078279,18.0862,58.0028,1995,8,31,0.0,0.0,0.0,22.3414,35.5916,,192.0,1.2040384615384616,0.43007142857142855
8078280,16.2667,56.5555,1995,9,1,1114.2857142857142,5.809523809523809,0.0,10.39182142857143,35.313408333333335,,77.1625,1.2040384615384616,0.43007142857142855
8078281,14.8333,55.4195,1995,9,2,775.0,1.5833333333333333,0.0,13.21611388888889,35.38200833333334,,62.958333333333336,1.2040384615384616,0.43007142857142855
8078282,14.6695,54.75,1995,9,2,704.3478260869565,0.0,0.0,13.505959420289855,35.4596884057971,,66.79710144927536,1.2040384615384616,0.43007142857142855
8078283,14.5055,54.0805,1995,9,2,775.0,0.0,0.0,12.154652777777777,35.43428472222222,,63.638888888888886,1.2040384615384616,0.43007142857142855
10851494,11.0773,55.6382,1995,9,9,661.1940298507462,0.04477611940298507,0.0,12.903525373134329,35.327119402985076,,83.04179104477612,1.2040384615384616,0.43007142857142855
10851495,11.5743,55.6358,1995,9,9,661.1940298507462,0.0,0.0,13.45893432835821,35.37784925373134,,84.12835820895523,1.2040384615384616,0.43007142857142855
7730000,17.68,58.835,1995,9,9,118.75,0.0,,19.3678125,35.70871875,,84.12835820895523,0.73581125,0.43007142857142855
7730001,17.663,58.857,1995,9,9,68.0,0.0,,21.008200000000002,35.71132,,84.12835820895523,1.0183616,0.43007142857142855
7730002,17.632,58.883,1995,9,9,25.0,0.0,,23.25390909090909,35.89427272727273,,84.12835820895523,1.8178163636363636,0.43007142857142855
10851496,11.927,55.0087,1995,9,9,661.1940298507462,0.0,0.0,13.70575671641791,35.390779104477616,,90.63283582089552,1.8178163636363636,0.43007142857142855
7730003,17.682,58.837,1995,9,9,661.1940298507462,0.0,,13.58389552238806,35.50535820895522,,90.63283582089552,0.6346362686567164,0.43007142857142855
10851497,11.7927,54.027,1995,9,10,661.1940298507462,0.0,0.0,13.46685223880597,35.287305970149255,,93.7134328358209,0.6346362686567164,0.43007142857142855
7730004,18.0825,58.0008,1995,9,10,118.75,0.0,,18.0538125,35.70784375,,93.7134328358209,1.078330357142857,0.43007142857142855
7730005,18.083,58.003,1995,9,10,68.0,0.0,,19.41992,35.68132,,93.7134328358209,2.3735316666666666,0.43007142857142855
7730006,18.088,58.007,1995,9,10,25.0,0.0,,21.72081818181818,35.67618181818182,,93.7134328358209,2.685642727272727,0.43007142857142855
7730007,18.083,58.002,1995,9,10,661.1940298507462,0.0,,13.074522388059702,35.49776119402985,,93.7134328358209,0.7958019402985075,0.43007142857142855
7730008,18.083,58.002,1995,9,10,68.0,0.0,,20.14864,35.69376,,93.7134328358209,1.3188043999999999,0.43007142857142855
7730009,18.0823,58.0073,1995,9,10,25.0,0.0,,22.20418181818182,35.679818181818185,,93.7134328358209,1.3188043999999999,0.43007142857142855
7730010,18.088,58.033,1995,9,11,57.608695652173914,0.0,,20.17026086956522,35.69473913043478,,93.7134328358209,1.332067391304348,0.43007142857142855
7730011,18.087,58.052,1995,9,11,127.27272727272727,0.0,,18.454151515151516,35.719454545454546,,93.7134328358209,1.1532853333333333,0.43007142857142855
7730012,18.1,58.115,1995,9,11,878.9473684210526,0.0,,11.792947368421054,35.41086842105263,,93.7134328358209,0.6387697368421053,0.43007142857142855
7730013,18.1052,58.1567,1995,9,11,62.5,0.0,,20.282333333333334,35.694250000000004,,93.7134328358209,1.3109166666666667,0.43007142857142855
7730014,18.0822,57.9995,1995,9,11,118.75,0.0,,18.517375,35.70359375,,93.7134328358209,0.756601875,0.43007142857142855
7730015,18.0802,58.0065,1995,9,12,503.3898305084746,0.0,,14.112271186440678,35.569762711864406,,93.7134328358209,0.4113805084745763,0.43007142857142855
7730016,18.082,58.018,1995,9,12,127.27272727272727,0.0,,18.403181818181817,35.69796969696969,,93.7134328358209,0.5570624242424242,0.43007142857142855
7730017,18.5,57.3,1995,9,12,37.5,0.0,,18.9985,35.677875,,93.7134328358209,1.6503925,0.43007142857142855
7730018,18.508,57.303,1995,9,12,37.5,0.0,,19.078625,35.689875,,93.7134328358209,1.82946,0.43007142857142855
7730019,18.633,57.752,1995,9,12,68.0,0.0,,18.80368,35.712399999999995,,93.7134328358209,1.7421856,0.43007142857142855
7730020,18.883,58.588,1995,9,13,118.75,0.125,,17.98096875,35.6348125,,93.7134328358209,1.1187303124999999,0.43007142857142855
7730022,19.0,58.998,1995,9,13,154.16666666666666,0.0,,18.46463888888889,35.73919444444444,,93.7134328358209,0.6454463888888888,0.43007142857142855
10851514,11.2885,56.8315,1995,9,14,661.1940298507462,0.0,0.0,14.692159701492537,35.436800000000005,,92.68358208955225,0.6454463888888888,0.43007142857142855
10851515,11.7403,56.661,1995,9,14,661.1940298507462,0.0,0.0,14.782488059701492,35.46487910447762,,90.92388059701491,0.6454463888888888,0.43007142857142855
10851516,12.1838,56.5835,1995,9,14,661.1940298507462,0.0,0.0,14.959634328358208,35.491643283582086,,92.15970149253731,0.6454463888888888,0.43007142857142855
10851517,12.6723,56.5048,1995,9,14,661.1940298507462,0.0,0.0,14.998879104477611,35.510449253731345,,90.5089552238806,0.6454463888888888,0.43007142857142855
10851518,13.0253,56.8702,1995,9,15,661.1940298507462,0.0,0.0,15.207622388059702,35.55464328358209,,92.47014925373135,0.6454463888888888,0.43007142857142855
10851519,13.4088,57.2567,1995,9,15,661.1940298507462,0.0,0.0,14.664392537313434,35.43170746268657,,89.69104477611941,0.6454463888888888,0.43007142857142855
10851520,13.414,56.755,1995,9,15,661.1940298507462,0.0,0.0,15.129316417910449,35.54024179104477,,88.98955223880597,0.6454463888888888,0.43007142857142855
10851521,13.8342,56.5053,1995,9,15,661.1940298507462,0.0,0.0,14.435526865671642,35.442282089552236,,85.66268656716419,0.6454463888888888,0.43007142857142855
10851522,14.3328,56.5098,1995,9,15,661.1940298507462,0.04477611940298507,0.0,13.794435820895522,35.395823880597014,,79.59402985074627,0.6454463888888888,0.43007142857142855
10851523,14.9155,56.5052,1995,9,16,661.1940298507462,0.7164179104477612,0.0,13.516835820895523,35.44139104477612,,62.035820895522384,0.6454463888888888,0.43007142857142855
10851524,15.5005,56.5033,1995,9,16,661.1940298507462,0.6716417910447762,0.0,12.793519402985075,35.47124029850746,,49.5776119402985,0.6454463888888888,0.43007142857142855
10851525,16.0817,56.4972,1995,9,16,661.1940298507462,0.11940298507462686,0.0,12.942822388059701,35.47000298507463,,53.42537313432836,0.6454463888888888,0.43007142857142855
10851526,16.6328,56.6988,1995,9,16,661.1940298507462,0.5223880597014925,0.0,13.030176119402984,35.46238059701492,,55.40298507462686,0.6454463888888888,0.43007142857142855
10851527,17.1643,56.9192,1995,9,16,661.1940298507462,0.0,0.0,13.463032835820895,35.50816865671642,,52.06865671641791,0.6454463888888888,0.43007142857142855
10851528,17.3805,57.0193,1995,9,17,620.7692307692307,0.12307692307692308,0.0,13.441727692307692,35.49704153846154,,51.37538461538462,0.6454463888888888,0.43007142857142855
10851529,17.5808,57.1512,1995,9,17,196.25,0.0,0.0,17.2260975,35.670065,,74.53999999999999,0.6454463888888888,0.43007142857142855
9289311,24.3268,58.1745,1995,10,29,74.03846153846153,3.1153846153846154,,22.527192307692307,36.41907692307692,,74.53999999999999,0.6454463888888888,0.43007142857142855
9289312,24.3303,58.1803,1995,10,29,27.5,0.5,,25.088,36.53088888888889,,74.53999999999999,0.6454463888888888,0.43007142857142855
7730035,24.3328,58.1692,1995,10,29,640.9090909090909,3.090909090909091,,14.363166666666668,35.83328787878788,,74.53999999999999,0.6454463888888888,0.43007142857142855
9289410,18.1357,57.9973,1995,11,17,800.0,4.109589041095891,,12.923712328767124,35.42082191780822,,74.53999999999999,0.6454463888888888,0.43007142857142855
9289411,18.1375,57.9937,1995,11,17,74.03846153846153,2.076923076923077,,21.29423076923077,35.599346153846156,,74.53999999999999,0.6454463888888888,0.43007142857142855
7730058,18.1337,57.9993,1995,11,17,74.03846153846153,2.076923076923077,,21.392653846153845,35.59734615384615,,74.53999999999999,0.6454463888888888,0.43007142857142855
9289412,18.5002,57.2998,1995,11,17,32.5,0.0,,26.44107142857143,36.17735714285714,,74.53999999999999,0.6454463888888888,0.43007142857142855
9289413,18.5008,57.2978,1995,11,17,35.0,0.0,,26.02286666666667,36.15553333333333,,74.53999999999999,0.6454463888888888,0.43007142857142855
9289414,18.501,57.2998,1995,11,17,35.0,0.0,,26.2376,36.1726,,74.53999999999999,0.6454463888888888,0.43007142857142855
9289415,18.4995,57.3005,1995,11,17,35.0,0.0,,26.467,36.18053333333333,,74.53999999999999,0.6454463888888888,0.43007142857142855
9289416,18.4998,57.2992,1995,11,17,35.0,0.0,,26.178933333333337,36.162000000000006,,74.53999999999999,0.6454463888888888,0.43007142857142855
9289417,18.5008,57.3007,1995,11,17,25.0,0.0,,27.073545454545457,36.19581818181818,,74.53999999999999,0.6454463888888888,0.43007142857142855
9289418,18.5152,57.3175,1995,11,18,35.0,0.0,,26.242933333333333,36.1642,,74.53999999999999,0.6454463888888888,0.43007142857142855
9289419,18.5165,57.3172,1995,11,18,35.0,0.0,,26.567466666666668,36.1808,,74.53999999999999,0.6454463888888888,0.43007142857142855
7730059,18.4912,57.2973,1995,11,18,35.0,0.0,,26.5814,36.17046666666667,,74.53999999999999,0.6454463888888888,0.43007142857142855
9289420,18.5,57.3033,1995,11,18,35.0,0.0,,26.442,36.16946666666667,,74.53999999999999,0.6454463888888888,0.43007142857142855
9289421,18.4978,57.2877,1995,11,18,35.0,0.0,,26.403266666666664,36.168,,74.53999999999999,0.6454463888888888,0.43007142857142855
9289422,18.4973,57.2738,1995,11,18,35.0,0.0,,26.1458,36.1568,,74.53999999999999,0.6454463888888888,0.43007142857142855
9289423,18.5038,57.2608,1995,11,18,32.5,0.0,,26.395285714285713,36.16307142857143,,74.53999999999999,0.6454463888888888,0.43007142857142855
7730060,18.5083,57.2688,1995,11,18,35.0,0.0,,26.2592,36.157066666666665,,74.53999999999999,0.6454463888888888,0.43007142857142855
9289424,16.4153,56.4973,1995,11,19,80.55555555555556,2.2222222222222223,,20.06162962962963,35.66051851851852,,74.53999999999999,0.6454463888888888,0.43007142857142855
9289425,16.4167,56.5002,1995,11,19,80.55555555555556,2.2222222222222223,,20.32951851851852,35.66807407407408,,74.53999999999999,0.6454463888888888,0.43007142857142855
7730061,16.4122,56.4857,1995,11,19,74.03846153846153,2.076923076923077,,20.399461538461537,35.67176923076923,,74.53999999999999,0.6454463888888888,0.43007142857142855
9289426,16.918,57.2652,1995,11,19,74.03846153846153,2.076923076923077,,21.438115384615383,35.81357692307692,,74.53999999999999,0.6454463888888888,0.43007142857142855
9289427,16.9182,57.266,1995,11,19,74.03846153846153,2.076923076923077,,21.80173076923077,35.83307692307692,,74.53999999999999,0.6454463888888888,0.43007142857142855
9289428,16.9182,57.2655,1995,11,19,74.03846153846153,2.076923076923077,,21.700115384615383,35.829884615384614,,74.53999999999999,0.6454463888888888,0.43007142857142855
9289429,16.9188,57.2673,1995,11,19,74.03846153846153,2.076923076923077,,21.482499999999998,35.848846153846154,,74.53999999999999,0.6454463888888888,0.43007142857142855
9289430,16.9182,57.2655,1995,11,19,80.55555555555556,2.2222222222222223,,21.298037037037037,35.83577777777778,,74.53999999999999,0.6454463888888888,0.43007142857142855
9289431,16.927,57.2672,1995,11,20,74.03846153846153,2.076923076923077,,21.5585,35.833653846153844,,74.53999999999999,0.6454463888888888,0.43007142857142855
9289432,16.9385,57.2593,1995,11,20,74.03846153846153,2.076923076923077,,21.57534615384615,35.829076923076926,,74.53999999999999,0.6454463888888888,0.43007142857142855
9289433,16.9523,57.2562,1995,11,20,80.55555555555556,2.2222222222222223,,22.031518518518517,35.83577777777778,,74.53999999999999,0.6454463888888888,0.43007142857142855
7730062,16.9858,57.2278,1995,11,20,74.03846153846153,2.076923076923077,,21.97242307692308,35.8066923076923,,74.53999999999999,0.6454463888888888,0.43007142857142855
9289434,16.9933,57.2218,1995,11,20,154.16666666666666,3.1666666666666665,,19.72486111111111,35.815416666666664,,74.53999999999999,0.6454463888888888,0.43007142857142855
9289435,16.9985,57.2275,1995,11,20,80.55555555555556,2.2222222222222223,,21.47125925925926,35.82670370370371,,74.53999999999999,0.6454463888888888,0.43007142857142855
9289436,17.0038,57.2282,1995,11,20,74.03846153846153,2.076923076923077,,21.665153846153846,35.82361538461539,,74.53999999999999,0.6454463888888888,0.43007142857142855
9289437,17.0255,57.234,1995,11,20,74.03846153846153,2.076923076923077,,21.601692307692307,35.815038461538464,,74.53999999999999,0.6454463888888888,0.43007142857142855
7730063,17.0218,57.2402,1995,11,20,74.03846153846153,2.076923076923077,,21.76080769230769,35.82576923076923,,74.53999999999999,0.6454463888888888,0.43007142857142855
9289438,17.7927,58.6703,1995,11,21,74.03846153846153,2.076923076923077,,23.05180769230769,35.59973076923077,,74.53999999999999,0.6454463888888888,0.43007142857142855
9289439,17.7927,58.6678,1995,11,21,852.0,4.08,,13.179973333333335,35.379173333333334,,74.53999999999999,0.6454463888888888,0.43007142857142855
9289440,17.7935,58.6657,1995,11,21,74.03846153846153,2.076923076923077,,23.30030769230769,35.61884615384616,,74.53999999999999,0.6454463888888888,0.43007142857142855
7730064,17.7917,58.6647,1995,11,21,74.03846153846153,2.076923076923077,,23.37792307692308,35.63846153846154,,74.53999999999999,0.6454463888888888,0.43007142857142855
7730209,17.683,58.832,1995,12,22,118.75,0.0,,22.01515625,35.77459375,,74.53999999999999,0.6919315625,0.43007142857142855
7730210,17.683,58.83,1995,12,22,53.40909090909091,0.0,,24.776863636363636,35.803,,74.53999999999999,0.9268954545454545,0.43007142857142855
7730211,17.677,58.822,1995,12,22,118.75,0.0,,21.92609375,35.77934375,,74.53999999999999,0.712704375,0.43007142857142855
7730212,17.678,58.827,1995,12,22,640.9090909090909,0.0,,15.077651515151516,35.564469696969695,,74.53999999999999,0.5036139393939394,0.43007142857142855
7730213,18.085,58.001,1995,12,23,852.0,0.0,,13.355706666666666,35.444253333333336,,74.53999999999999,0.5253578666666666,0.43007142857142855
7730214,18.085,58.002,1995,12,23,640.9090909090909,0.0,,14.893075757575758,35.52857575757576,,74.53999999999999,0.5156839393939394,0.43007142857142855
7730215,18.085,58.002,1995,12,23,118.75,0.0,,22.06021875,35.76903125,,74.53999999999999,0.79447625,0.43007142857142855
7730216,18.083,58.003,1995,12,23,118.75,0.0,,21.97109375,35.81603125,,74.53999999999999,0.75771625,0.43007142857142855
7730217,18.085,58.003,1995,12,24,118.75,0.0,,22.1295625,35.8171875,,74.53999999999999,0.7802440625,0.43007142857142855
7730218,18.178,58.075,1995,12,24,118.75,0.0,,21.895,35.813,,74.53999999999999,0.707685625,0.43007142857142855
7730219,18.198,58.083,1995,12,24,127.27272727272727,0.0,,21.650909090909092,35.8190303030303,,74.53999999999999,0.6663509090909091,0.43007142857142855
7730220,18.277,58.133,1995,12,24,118.75,0.0,,21.74628125,35.814875,,74.53999999999999,0.6765240625,0.43007142857142855
7730221,18.292,58.137,1995,12,24,118.75,0.0,,21.73921875,35.81315625,,74.53999999999999,0.68369,0.43007142857142855
7730222,18.3098,58.1407,1995,12,24,118.75,0.0,,21.646125,35.8069375,,74.53999999999999,0.6626128125,0.43007142857142855
7730223,18.3158,58.1497,1995,12,24,118.75,0.0,,21.515375,35.806343749999996,,74.53999999999999,0.6531959375,0.43007142857142855
7730224,18.3322,58.1537,1995,12,24,80.55555555555556,0.0,,22.78862962962963,35.82307407407407,,74.53999999999999,0.6910151851851851,0.43007142857142855
7730225,18.3475,58.1543,1995,12,24,278.2608695652174,0.0,,18.50463043478261,35.76317391304348,,74.53999999999999,0.5309310869565218,0.43007142857142855
7730226,18.364,58.1605,1995,12,24,118.75,0.0,,21.318875,35.79746875,,74.53999999999999,0.591726875,0.43007142857142855
7730227,18.083,58.002,1995,12,24,852.0,0.0,,13.152199999999999,35.44753333333333,,74.53999999999999,0.47738026666666666,0.43007142857142855
7730228,17.773,57.745,1995,12,25,411.1111111111111,0.0,,17.35072222222222,35.69240740740741,,74.53999999999999,0.5875251851851852,0.43007142857142855
7730229,18.162,57.782,1995,12,25,278.2608695652174,0.0,,18.24871739130435,35.753152173913044,,74.53999999999999,0.5444941304347826,0.43007142857142855
7730230,18.255,57.633,1995,12,25,163.51351351351352,0.0,,19.346324324324325,35.72508108108108,,74.53999999999999,0.43910783783783786,0.43007142857142855
7730231,18.5,57.3,1995,12,26,37.5,0.0,,24.7116875,36.0664375,,74.53999999999999,0.9139762499999999,0.43007142857142855
7730232,18.5,57.302,1995,12,26,37.5,0.0,,24.883375,36.0699375,,74.53999999999999,0.967181875,0.43007142857142855
7730233,18.502,57.3,1995,12,26,37.5,0.0,,24.856749999999998,36.062125,,74.53999999999999,0.861155,0.43007142857142855
7730234,19.0,59.0,1995,12,26,750.7042253521126,0.0,,13.802661971830986,35.57814084507042,,74.53999999999999,0.5419667605633803,0.43007142857142855
7730343,17.235,58.5367,1997,5,26,934.6153846153846,0.8846153846153846,,13.712371794871796,35.61028205128205,,69.58144871794872,0.5419667605633803,0.43007142857142855
7730344,17.833,57.5018,1997,5,27,208.53658536585365,0.34146341463414637,,20.038731707317073,36.068365853658534,,77.42429268292682,0.5419667605633803,0.43007142857142855
7730345,15.833,57.6955,1997,5,28,1177.906976744186,0.3023255813953488,,12.693209302325581,35.509476744186045,,84.70702325581395,0.5419667605633803,0.43007142857142855
7730346,14.417,57.8327,1997,5,28,661.1940298507462,0.5074626865671642,,14.163280701754386,35.58257894736842,,64.72421052631579,0.5419667605633803,0.43007142857142855
7730347,15.254,56.2452,1997,5,29,640.9090909090909,0.15151515151515152,,15.497818181818182,35.72487878787879,,69.46060606060605,0.5419667605633803,0.43007142857142855
7730348,16.084,54.6665,1997,5,29,640.9090909090909,0.06060606060606061,,15.130363636363636,35.71439393939394,,63.73681818181819,0.5419667605633803,0.43007142857142855
7730349,17.833,57.5012,1997,5,30,208.53658536585365,0.24390243902439024,,19.4134358974359,36.032871794871795,,70.22641025641026,0.5419667605633803,0.43007142857142855
7730350,17.31,58.3936,1997,5,31,640.9090909090909,0.8333333333333334,,16.024636363636365,35.758196969696975,,69.13348484848485,0.5419667605633803,0.43007142857142855
7730352,19.034,58.816,1997,6,2,640.9090909090909,0.13636363636363635,,15.118015151515152,35.721272727272726,,68.63941379310346,0.5419667605633803,0.43007142857142855
7730355,16.75,55.8343,1997,6,15,154.16666666666666,0.0,,21.43575,35.63077777777778,,94.87138888888889,0.14255555555555557,0.43007142857142855
7730356,17.288,56.0492,1997,6,15,154.16666666666666,0.0,,20.36325,35.55452777777778,,77.0325,0.17659999999999998,0.43007142857142855
7730357,17.776,56.2362,1997,6,15,20.0,1.3333333333333333,,22.78033333333333,35.531,,177.91,4.3067777777777785,0.43007142857142855
7730358,17.411,56.5345,1997,6,15,163.51351351351352,0.0,,20.244324324324324,35.518,,80.86135135135135,0.21794054054054054,0.43007142857142855
7730359,17.586,56.7683,1997,6,16,154.16666666666666,0.1111111111111111,,19.831888888888887,35.53030555555556,,79.23222222222222,1.5420885714285715,0.43007142857142855
7730360,18.131,56.7205,1997,6,16,17.5,0.0,,22.64575,35.554375,,131.035,2.4707500000000002,0.43007142857142855
7730361,17.718,57.1333,1997,6,16,50.0,0.0,,23.060333333333332,35.59814285714286,,130.92380952380952,1.263952380952381,0.43007142857142855
7730362,17.36,57.5267,1997,6,16,154.16666666666666,0.0,,22.799944444444446,35.859722222222224,,113.40305555555555,0.13216666666666665,0.43007142857142855
7730363,17.033,56.8445,1997,6,16,154.16666666666666,0.0,,21.930777777777777,35.67819444444444,,105.69716666666666,0.12238888888888888,0.43007142857142855
7730364,17.943,57.3833,1997,6,17,80.55555555555556,0.0,,21.534555555555556,35.565888888888885,,100.17185185185184,0.1421740740740741,0.43007142857142855
7730365,18.486,57.2023,1997,6,17,30.0,0.0,,22.851923076923075,35.616076923076925,,113.33869230769231,0.42430769230769233,0.43007142857142855
7730366,18.221,57.5967,1997,6,17,154.16666666666666,0.0,,19.656805555555554,35.53197222222222,,71.21483333333333,0.17230833333333334,0.43007142857142855
7730367,18.017,57.9933,1997,6,17,154.16666666666666,0.0,,20.89377777777778,35.58811111111111,,94.61916666666667,0.24386666666666665,0.43007142857142855
7730368,17.833,56.8333,1997,6,18,25.0,0.0,,23.138545454545454,35.602363636363634,,159.57,1.5645454545454547,0.43007142857142855
7730369,17.845,56.8567,1997,6,19,20.0,0.0,,22.793444444444443,35.58555555555555,,147.18444444444447,1.2034444444444443,0.43007142857142855
7730370,17.841,56.8583,1997,6,19,20.0,0.0,,23.429666666666666,35.471666666666664,,163.73333333333332,1.8888888888888888,0.43007142857142855
7730371,17.843,56.8517,1997,6,19,20.0,0.0,,23.47588888888889,35.61511111111111,,163.24555555555557,1.9769999999999999,0.43007142857142855
7730372,17.863,56.8765,1997,6,20,20.0,0.0,,22.660444444444447,35.58433333333333,,126.92888888888888,1.0872222222222223,0.43007142857142855
7730373,17.876,56.9058,1997,6,20,17.5,0.0,,22.805125,35.56725,,141.92775,1.389,0.43007142857142855
7730374,17.875,56.9127,1997,6,20,17.5,0.0,,22.756625,35.555875,,158.2025,2.029875,0.43007142857142855
7730375,17.881,56.9167,1997,6,21,15.0,0.0,,22.751285714285718,35.54357142857143,,162.87857142857143,1.0125714285714287,0.43007142857142855
7730376,17.878,56.92,1997,6,21,15.0,0.0,,22.67442857142857,35.52942857142857,,148.84428571428572,0.8824285714285713,0.43007142857142855
7730377,17.876,56.9217,1997,6,21,20.0,0.0,,22.301555555555556,35.525333333333336,,128.77666666666667,0.36211111111111116,0.43007142857142855
7730378,17.891,56.955,1997,6,22,22.5,0.0,,22.1833,35.5558,,113.603,0.46630000000000005,0.43007142857142855
7730379,17.9,56.9833,1997,6,22,30.0,0.0,,21.54476923076923,35.51907692307692,,91.12846153846155,0.5175384615384615,0.43007142857142855
7730380,17.912,57.0417,1997,6,22,40.0,0.0,,21.353235294117646,35.51094117647059,,95.79705882352941,0.30271764705882354,0.43007142857142855
7730381,17.909,57.0898,1997,6,23,40.0,0.0,,21.591176470588238,35.502235294117646,,113.46058823529411,0.23618235294117648,0.43007142857142855
7730382,17.935,57.11,1997,6,23,45.0,0.0,,20.83863157894737,35.34657894736842,,82.73526315789474,0.1827,0.43007142857142855
7730383,17.946,57.1492,1997,6,23,50.0,0.0,,20.57785714285714,35.49809523809524,,85.71000000000001,0.21599999999999997,0.43007142857142855
7730384,17.945,57.1755,1997,6,23,50.0,0.0,,20.31647619047619,35.47671428571429,,72.61142857142856,0.24595238095238095,0.43007142857142855
7730385,17.95,57.1917,1997,6,24,50.0,0.0,,20.683857142857143,35.499428571428574,,86.62285714285714,0.25357142857142856,0.43007142857142855
7730386,17.97,57.2017,1997,6,24,50.0,0.0,,20.527333333333335,35.507619047619045,,75.30795238095239,0.2342857142857143,0.43007142857142855
7730387,17.988,57.225,1997,6,24,50.0,0.0,,20.23995238095238,35.48838095238095,,70.80047619047619,0.17011904761904761,0.43007142857142855
7730388,18.011,57.2358,1997,6,24,50.0,0.0,,20.98190476190476,35.486285714285714,,91.30047619047619,0.3446619047619047,0.43007142857142855
7730389,18.047,57.2485,1997,6,25,50.0,0.0,,20.32352380952381,35.493952380952386,,78.21571428571428,0.21864285714285714,0.43007142857142855
7730390,18.063,57.26,1997,6,25,50.0,0.0,,20.401714285714284,35.49204761904762,,57.14190476190476,0.19551904761904762,0.43007142857142855
7730391,18.101,57.2663,1997,6,25,50.0,0.0,,20.637,35.49704761904762,,72.52428571428571,0.21674761904761905,0.43007142857142855
7730392,18.127,57.285,1997,6,25,50.0,0.0,,20.94742857142857,35.51847619047619,,79.02380952380952,0.35213809523809525,0.43007142857142855
7730393,18.498,57.3038,1997,6,25,40.0,0.0,,20.435117647058824,35.515470588235296,,57.037470588235294,0.547435294117647,0.43007142857142855
7730394,18.181,57.315,1997,6,26,50.0,0.0,,20.456,35.500190476190475,,63.84095238095239,0.2599952380952381,0.43007142857142855
7730395,18.184,57.3197,1997,6,26,53.40909090909091,0.0,,20.559727272727272,35.51072727272727,,63.06818181818182,0.3371090909090909,0.43007142857142855
7730396,18.205,57.3197,1997,6,26,50.0,0.0,,20.753714285714288,35.521142857142856,,71.65238095238095,0.5204190476190477,0.43007142857142855
7730397,18.232,57.3225,1997,6,26,50.0,0.0,,20.74647619047619,35.51242857142857,,76.1152380952381,0.38907619047619046,0.43007142857142855
7730398,18.286,57.3635,1997,6,27,50.0,0.0,,21.249714285714283,35.52928571428571,,84.33428571428571,0.33827142857142856,0.43007142857142855
7730399,18.29,57.3775,1997,6,27,50.0,0.0,,20.919,35.511761904761904,,80.99285714285713,0.29679047619047616,0.43007142857142855
7730400,18.301,57.393,1997,6,27,50.0,0.0,,21.225,35.540619047619046,,73.29428571428572,0.4303529411764706,0.43007142857142855
7730401,18.313,57.3898,1997,6,27,50.0,0.0,,20.853952380952382,35.52880952380953,,77.23190476190477,0.5826761904761905,0.43007142857142855
7730402,18.337,57.4068,1997,6,28,50.0,0.0,,21.206904761904763,35.53633333333333,,93.63904761904762,0.5420238095238096,0.43007142857142855
7730403,18.353,57.4067,1997,6,28,50.0,0.0,,21.03595238095238,35.53442857142857,,79.65571428571428,0.4655142857142857,0.43007142857142855
7730404,18.366,57.416,1997,6,28,50.0,0.0,,21.64047619047619,35.54352380952381,,98.63609523809525,0.7496190476190476,0.43007142857142855
7730405,18.401,57.4745,1997,6,29,50.0,0.0,,21.19109523809524,35.52209523809524,,94.11380952380952,0.573847619047619,0.43007142857142855
7730406,18.399,57.4853,1997,6,29,53.40909090909091,0.0,,20.737545454545455,35.5155,,85.21954545454545,0.5005818181818182,0.43007142857142855
7730407,18.405,57.4838,1997,6,29,53.40909090909091,0.0,,21.089954545454546,35.53122727272727,,94.62636363636365,0.6058318181818182,0.43007142857142855
7730417,17.699,57.2298,1997,7,4,62.5,0.0,,19.421875,35.41641666666667,,66.05083333333333,0.2631191666666667,0.43007142857142855
7730418,17.791,57.5823,1997,7,4,248.86363636363637,0.0,,18.200090909090907,35.51795454545454,,66.19704545454546,0.46775,0.43007142857142855
7730419,17.778,57.588,1997,7,4,248.86363636363637,0.0,,18.0855,35.51443181818182,,54.63613636363637,0.4365454545454545,0.43007142857142855
7730420,17.682,57.6323,1997,7,5,80.55555555555556,0.0,,21.278,35.574074074074076,,91.23111111111112,0.29252962962962964,0.43007142857142855
7730421,17.643,57.6527,1997,7,5,309.375,0.0,,17.207541666666668,35.492625,,54.857499999999995,0.13568541666666667,0.43007142857142855
7730422,17.591,57.6688,1997,7,5,62.5,0.0,,22.250208333333333,35.59795833333333,,108.11833333333334,0.3861666666666667,0.43007142857142855
7730423,17.494,57.7112,1997,7,6,68.0,0.0,,21.653760000000002,35.55936,,96.94319999999999,0.39104,0.43007142857142855
7730424,17.472,57.7175,1997,7,6,704.3478260869565,0.6956521739130435,,13.317652173913043,35.310884057971016,,47.938115942028986,0.39104,0.43007142857142855
7730425,17.427,57.7533,1997,7,6,68.0,0.0,,21.52584,35.58344,,83.34559999999999,0.399056,0.43007142857142855
7730426,17.347,57.8593,1997,7,7,68.0,0.0,,21.287959999999998,35.54632,,92.5,0.8227599999999999,0.43007142857142855
7730427,17.285,57.9167,1997,7,7,852.0,1.2266666666666666,,12.2908,35.25089333333333,,53.73061333333333,0.8227599999999999,0.43007142857142855
7730428,17.251,57.9652,1997,7,7,50.0,0.0,,21.84704761904762,35.507285714285715,,113.34657142857142,0.867095238095238,0.43007142857142855
10027577,17.84,57.4015,2000,6,11,87.5,0.0,,21.389892857142858,36.02428571428571,,96.37396428571428,0.867095238095238,0.43007142857142855
